tackles,errorLeadToGoal,cleanSheet,interceptions,errorLeadToShot,penaltyConceded,ownGoals,clearances,dribbledPast,rating,player.name,player.slug,player.userCount,player.id,team.name,team.slug,team.shortName,team.userCount,team.type,team.id,team.teamColors.primary,team.teamColors.secondary,team.teamColors.text
5,0,0,2,0,0,0,7,1,7.46,Ronie Carrillo,ronie-carrillo,191,873891,El Nacional,el-nacional,El Nacional,0,0,5254,#52b030,#52b030,#ffffff
0,0,7,0,0,0,0,7,0,7.41,Brian Heras,brian-heras,17,877442,Delfín,delfin,Delfín,0,0,213638,#52b030,#52b030,#ffffff
43,0,1,18,0,0,0,11,13,7.34,Joaquín Vergés,joaquin-verges,36,789939,Gualaceo SC,gualaceo-sc,Gualaceo SC,0,0,248196,#52b030,#52b030,#ffffff
18,0,1,12,0,0,0,2,10,7.33,Mauro Díaz,mauro-diaz,44,42573,Universidad Católica del Ecuador,universidad-catolica-del-ecuador,Universidad Católica del Ecuador,0,0,21942,#52b030,#52b030,#ffffff
28,0,0,6,0,0,0,3,6,7.29,Alexander Alvarado,alexander-alvarado,366,826826,LDU,ldu,LDU,0,0,5257,#52b030,#52b030,#ffffff
8,0,2,5,0,0,0,4,9,7.24,Michael Hoyos,michael-hoyos,138,105717,Independiente del Valle,independiente-del-valle,Independiente del Valle,0,0,39723,#52b030,#52b030,#ffffff
0,0,10,0,0,0,0,24,2,7.22,Rafael Romo,rafael-romo,318,108832,Universidad Católica del Ecuador,universidad-catolica-del-ecuador,Universidad Católica del Ecuador,0,0,21942,#52b030,#52b030,#ffffff
18,0,3,4,0,0,0,5,8,7.2,Rómulo Otero,romulo-otero,745,845323,Aucas,aucas,Aucas,0,0,5249,#52b030,#52b030,#ffffff
47,0,5,20,0,0,0,28,13,7.19,Facundo Martinez,facundo-martinez,16,33308,Universidad Católica del Ecuador,universidad-catolica-del-ecuador,Universidad Católica del Ecuador,0,0,21942,#52b030,#52b030,#ffffff
15,0,1,9,0,0,0,4,9,7.19,Damián Díaz,damian-diaz,222,42454,Barcelona SC,barcelona-sc,Barcelona SC,0,0,5250,#52b030,#52b030,#ffffff
1,0,10,0,0,0,0,17,1,7.19,Hernán Galíndez,hernan-galindez,232,588618,Aucas,aucas,Aucas,0,0,5249,#52b030,#52b030,#ffffff
7,0,2,2,0,0,0,9,7,7.18,Jean Carlos Blanco,jean-carlos-blanco,58,1199361,Técnico Universitario,tecnico-universitario,Técnico Universitario,0,0,21941,#52b030,#52b030,#ffffff
1,0,13,0,0,0,1,6,0,7.18,Alexander Domínguez,alexander-dominguez,296,33567,LDU,ldu,LDU,0,0,5257,#52b030,#52b030,#ffffff
26,0,4,17,0,0,0,31,7,7.18,José Quintero,jose-quintero,40,805485,LDU,ldu,LDU,0,0,5257,#52b030,#52b030,#ffffff
11,0,4,6,0,0,0,2,17,7.18,Lucas Mancinelli,lucas-mancinelli,18,174935,Deportivo Cuenca,deportivo-cuenca,Deportivo Cuenca,0,0,5251,#52b030,#52b030,#ffffff
0,0,2,0,0,0,0,6,0,7.14,Damián Frascarelli,damian-frascarelli,26,107249,Aucas,aucas,Aucas,0,0,5249,#52b030,#52b030,#ffffff
9,0,3,3,0,0,0,2,4,7.14,Junior Sornoza,junior-sornoza,320,155786,Independiente del Valle,independiente-del-valle,Independiente del Valle,0,0,39723,#52b030,#52b030,#ffffff
0,0,14,0,0,0,0,10,1,7.13,Pedro Ortiz,pedro-ortiz,32,905632,Emelec,emelec,Emelec,0,0,5255,#52b030,#52b030,#ffffff
14,0,2,9,0,0,0,19,5,7.12,Hancel Batalla,hancel-batalla,15,873887,Cumbayá FC,cumbaya-fc,Cumbayá FC,0,0,377757,#52b030,#52b030,#ffffff
12,0,5,16,1,0,0,45,4,7.11,Richard Schunke,richard-schunke,70,877436,Independiente del Valle,independiente-del-valle,Independiente del Valle,0,0,39723,#52b030,#52b030,#ffffff
22,0,3,8,0,0,0,10,14,7.11,Braian Oyola,braian-oyola,16,906808,Delfín,delfin,Delfín,0,0,213638,#52b030,#52b030,#ffffff
29,0,13,36,0,3,0,85,8,7.1,Ricardo Adé,ricardo-ade,1073,839638,LDU,ldu,LDU,0,0,5257,#52b030,#52b030,#ffffff
0,0,1,0,0,0,0,7,0,7.1,Benjamin Cardenas,cardenas-benjamin,2,1185856,Cumbayá FC,cumbaya-fc,Cumbayá FC,0,0,377757,#52b030,#52b030,#ffffff
6,0,1,3,0,0,0,3,5,7.09,Sergio López,sergio-lopez,12,221748,Deportivo Cuenca,deportivo-cuenca,Deportivo Cuenca,0,0,5251,#52b030,#52b030,#ffffff
7,0,1,1,0,1,0,20,11,7.08,Andrés Parrales,andres-parrales,66,340247,Guayaquil City,guayaquil-city,Guayaquil City,0,0,188850,#52b030,#52b030,#ffffff
15,0,4,40,0,0,0,70,1,7.08,Bruno Duarte,bruno-duarte,9,874645,Deportivo Cuenca,deportivo-cuenca,Deportivo Cuenca,0,0,5251,#52b030,#52b030,#ffffff
17,0,9,19,0,1,0,40,3,7.08,Agustín García Basso,agustin-garcia-basso,21,896806,Independiente del Valle,independiente-del-valle,Independiente del Valle,0,0,39723,#52b030,#52b030,#ffffff
52,0,4,26,0,0,0,25,27,7.07,Nicolás Rinaldi,nicolas-rinaldi,16,859965,Deportivo Cuenca,deportivo-cuenca,Deportivo Cuenca,0,0,5251,#52b030,#52b030,#ffffff
7,0,4,3,0,0,0,2,3,7.06,Miller Bolaños,miller-bolanos,215,47658,Emelec,emelec,Emelec,0,0,5255,#52b030,#52b030,#ffffff
7,0,0,5,0,0,0,8,1,7.06,Byron Palacios,byron-palacios,15,961894,El Nacional,el-nacional,El Nacional,0,0,5254,#52b030,#52b030,#ffffff
6,0,4,8,0,0,0,3,5,7.06,Ismael Díaz,ismael-diaz,254,796328,Universidad Católica del Ecuador,universidad-catolica-del-ecuador,Universidad Católica del Ecuador,0,0,21942,#52b030,#52b030,#ffffff
4,0,4,1,0,0,0,17,3,7.05,Jaime Ayoví,jaime-ayovi,82,106458,Emelec,emelec,Emelec,0,0,5255,#52b030,#52b030,#ffffff
2,0,0,1,0,0,0,3,0,7.04,Jeison Medina,jeison-medina,47,925147,Aucas,aucas,Aucas,0,0,5249,#52b030,#52b030,#ffffff
19,0,0,4,0,0,0,5,6,7.04,Renato Ibarra,renato-ibarra,204,158395,LDU,ldu,LDU,0,0,5257,#52b030,#52b030,#ffffff
14,0,1,7,0,0,0,7,7,7.03,Francisco Fydriszewski,francisco-fydriszewski,201,594430,Barcelona SC,barcelona-sc,Barcelona SC,0,0,5250,#52b030,#52b030,#ffffff
22,0,1,9,0,0,0,18,11,7.02,José Cevallos,jose-cevallos,69,33703,Emelec,emelec,Emelec,0,0,5255,#52b030,#52b030,#ffffff
16,0,7,6,0,0,0,22,6,7.02,Yerson Candelo,yerson-candelo,120,158593,Aucas,aucas,Aucas,0,0,5249,#52b030,#52b030,#ffffff
1,1,2,1,0,0,0,15,0,7.02,Leodan Chalá,leodan-chala,5,822736,El Nacional,el-nacional,El Nacional,0,0,5254,#52b030,#52b030,#ffffff
19,0,8,16,0,0,0,31,5,7.02,Anthony Landázuri,anthony-landazuri,67,826831,Independiente del Valle,independiente-del-valle,Independiente del Valle,0,0,39723,#52b030,#52b030,#ffffff
1,0,0,0,0,0,0,9,0,7.0,Diogo Bagui,bagui-diogo,10,1470458,Emelec,emelec,Emelec,0,0,5255,#52b030,#52b030,#ffffff
2,0,0,0,0,0,0,0,1,7.0,Richard Borja,borja-richard,13,1517144,Emelec,emelec,Emelec,0,0,5255,#52b030,#52b030,#ffffff
23,0,2,6,0,0,0,5,4,7.0,Alexander Bolaños,alexander-bolanos,15,965310,Técnico Universitario,tecnico-universitario,Técnico Universitario,0,0,21941,#52b030,#52b030,#ffffff
13,0,5,11,0,1,0,9,3,7.0,Jordy Alcivar,jordy-alcivar,159,925740,Independiente del Valle,independiente-del-valle,Independiente del Valle,0,0,39723,#52b030,#52b030,#ffffff
1,0,0,0,0,0,0,4,1,6.99,Paolo Guerrero,paolo-guerrero,3936,338,LDU,ldu,LDU,0,0,5257,#52b030,#52b030,#ffffff
11,0,3,1,0,0,0,7,3,6.99,Facundo Castelli,castelli-facundo,21,895229,Delfín,delfin,Delfín,0,0,213638,#52b030,#52b030,#ffffff
6,0,0,6,0,0,0,3,3,6.99,Dario Pazmino,pazmino-dario,1,977091,Libertad,libertad,Libertad,0,0,394127,#52b030,#52b030,#ffffff
22,0,4,14,0,0,0,1,7,6.99,Arón Rodríguez,aron-rodriguez,33,1011412,Universidad Católica del Ecuador,universidad-catolica-del-ecuador,Universidad Católica del Ecuador,0,0,21942,#52b030,#52b030,#ffffff
14,0,7,6,0,0,0,43,8,6.98,Fausto Grillo,fausto-grillo,29,553508,Universidad Católica del Ecuador,universidad-catolica-del-ecuador,Universidad Católica del Ecuador,0,0,21942,#52b030,#52b030,#ffffff
5,0,2,4,0,1,0,11,5,6.98,Raúl Becerra,raul-becerra,51,340415,Deportivo Cuenca,deportivo-cuenca,Deportivo Cuenca,0,0,5251,#52b030,#52b030,#ffffff
22,0,13,16,0,0,0,94,8,6.98,Luis Fernando León,luis-fernando-leon,88,339967,Emelec,emelec,Emelec,0,0,5255,#52b030,#52b030,#ffffff
18,0,1,8,0,0,0,7,7,6.98,Mauricio Martínez,mauricio-martinez,68,789402,LDU,ldu,LDU,0,0,5257,#52b030,#52b030,#ffffff
32,0,2,24,0,1,0,12,13,6.98,Jefferson Valverde,valverde-jefferson,9,975528,LDU,ldu,LDU,0,0,5257,#52b030,#52b030,#ffffff
5,0,0,2,0,0,0,2,2,6.98,Alexis Zapata,alexis-zapata,57,353296,Emelec,emelec,Emelec,0,0,5255,#52b030,#52b030,#ffffff
35,0,11,12,0,0,0,110,15,6.97,Luis Cangá,luis-canga,23,155776,Aucas,aucas,Aucas,0,0,5249,#52b030,#52b030,#ffffff
28,0,5,12,0,0,0,25,10,6.96,Daykol Romero,daykol-romero,7,1066555,LDU,ldu,LDU,0,0,5257,#52b030,#52b030,#ffffff
39,0,3,19,0,0,0,6,22,6.96,Diego García,diego-garcia,57,989331,Emelec,emelec,Emelec,0,0,5255,#52b030,#52b030,#ffffff
0,0,8,0,0,0,0,21,0,6.96,Javier Burrai,javier-burrai,103,174421,Barcelona SC,barcelona-sc,Barcelona SC,0,0,5250,#52b030,#52b030,#ffffff
0,0,10,0,0,0,0,19,1,6.96,Hamilton Piedra,hamilton-piedra,7,794921,Deportivo Cuenca,deportivo-cuenca,Deportivo Cuenca,0,0,5251,#52b030,#52b030,#ffffff
50,0,7,40,0,1,0,140,14,6.96,Teodoro Paredes,teodoro-paredes,15,312346,Cumbayá FC,cumbaya-fc,Cumbayá FC,0,0,377757,#52b030,#52b030,#ffffff
17,0,1,8,0,0,0,7,6,6.96,Bagner Delgado,bagner-delgado,4,975813,Mushuc Runa,mushuc-runa,Mushuc Runa,0,0,134976,#52b030,#52b030,#ffffff
29,0,3,6,0,1,0,1,13,6.95,Lorenzo Faravelli,lorenzo-faravelli,164,250009,Independiente del Valle,independiente-del-valle,Independiente del Valle,0,0,39723,#52b030,#52b030,#ffffff
23,0,2,4,0,0,0,2,12,6.95,Luis Estupiñan,luis-estupinan,11,975090,Técnico Universitario,tecnico-universitario,Técnico Universitario,0,0,21941,#52b030,#52b030,#ffffff
19,0,9,30,0,0,0,26,10,6.95,Kevin Minda,kevin-minda,20,822718,Universidad Católica del Ecuador,universidad-catolica-del-ecuador,Universidad Católica del Ecuador,0,0,21942,#52b030,#52b030,#ffffff
29,0,2,11,0,0,0,5,6,6.95,Maicon Solís,maicon-solis,9,922846,El Nacional,el-nacional,El Nacional,0,0,5254,#52b030,#52b030,#ffffff
1,0,6,2,0,1,0,22,0,6.95,Gonzalo Valle,gonzalo-valle,10,925484,Guayaquil City,guayaquil-city,Guayaquil City,0,0,188850,#52b030,#52b030,#ffffff
14,0,1,4,0,0,0,8,4,6.94,Samuel Sosa,samuel-sosa,347,836584,Emelec,emelec,Emelec,0,0,5255,#52b030,#52b030,#ffffff
25,0,5,19,0,1,0,10,13,6.94,Óscar Zambrano,oscar-zambrano,388,1145130,LDU,ldu,LDU,0,0,5257,#52b030,#52b030,#ffffff
12,0,5,12,0,0,0,18,6,6.94,Anibal Chalá,anibal-chala,112,827140,Emelec,emelec,Emelec,0,0,5255,#52b030,#52b030,#ffffff
14,0,1,12,0,0,0,5,7,6.93,Luis Cano,luis-cano,9,975548,Aucas,aucas,Aucas,0,0,5249,#52b030,#52b030,#ffffff
2,0,0,2,0,0,0,1,0,6.93,Tobías Donsanti,tobias-donsanti,13,1086968,Gualaceo SC,gualaceo-sc,Gualaceo SC,0,0,248196,#52b030,#52b030,#ffffff
23,0,11,24,1,0,0,58,4,6.93,Facundo Rodríguez,facundo-rodriguez,49,980485,LDU,ldu,LDU,0,0,5257,#52b030,#52b030,#ffffff
5,0,1,5,0,0,0,3,6,6.92,Willian Cevallos,cevallos-willian,3,975696,Técnico Universitario,tecnico-universitario,Técnico Universitario,0,0,21941,#52b030,#52b030,#ffffff
37,0,7,19,0,1,0,8,15,6.92,Ezequiel Piovi,ezequiel-piovi,76,359098,LDU,ldu,LDU,0,0,5257,#52b030,#52b030,#ffffff
11,0,0,5,0,0,0,1,6,6.92,Kendry Páez,kendry-paez,4032,1464025,Independiente del Valle,independiente-del-valle,Independiente del Valle,0,0,39723,#52b030,#52b030,#ffffff
0,0,6,1,0,0,0,18,1,6.92,Leonel Nazareno,leonel-nazareno,3,805464,Cumbayá FC,cumbaya-fc,Cumbayá FC,0,0,377757,#52b030,#52b030,#ffffff
36,0,5,22,0,0,0,14,20,6.91,Juan Carlos Paredes,juan-carlos-paredes,41,47668,Cumbayá FC,cumbaya-fc,Cumbayá FC,0,0,377757,#52b030,#52b030,#ffffff
19,0,1,11,0,0,0,8,7,6.91,Michael Carcelén,michael-carcelen,35,1018554,Emelec,emelec,Emelec,0,0,5255,#52b030,#52b030,#ffffff
22,0,2,7,0,0,0,5,6,6.91,Lisandro Alzugaray,lisandro-alzugaray,42,897059,LDU,ldu,LDU,0,0,5257,#52b030,#52b030,#ffffff
10,0,5,9,0,0,0,39,2,6.91,Carlos Rolón,carlos-rolon,19,805203,Aucas,aucas,Aucas,0,0,5249,#52b030,#52b030,#ffffff
53,0,2,21,0,0,0,15,11,6.9,Erick Plúas,erick-pluas,16,1134650,Orense SC,orense-sc,Orense SC,0,0,277525,#52b030,#52b030,#ffffff
1,0,0,0,0,0,0,0,2,6.9,Kavier Ortiz,kavier-ortiz,3,1116667,Aucas,aucas,Aucas,0,0,5249,#52b030,#52b030,#ffffff
37,0,13,29,0,0,0,83,16,6.9,Aníbal Leguizamón,anibal-leguizamon,25,898990,Emelec,emelec,Emelec,0,0,5255,#52b030,#52b030,#ffffff
0,0,0,1,0,0,0,0,0,6.9,Christian Alemán,christian-aleman,56,339563,Aucas,aucas,Aucas,0,0,5249,#52b030,#52b030,#ffffff
0,0,2,0,0,0,0,1,0,6.9,Alexis Villa,alexis-villa,4,1067803,Independiente del Valle,independiente-del-valle,Independiente del Valle,0,0,39723,#52b030,#52b030,#ffffff
13,0,3,7,0,0,0,1,4,6.89,Sebastián González,sebastian-gonzalez,110,1116579,LDU,ldu,LDU,0,0,5257,#52b030,#52b030,#ffffff
8,0,1,2,0,0,1,7,4,6.89,Jose Enrique Angulo,jose-enrique-angulo,99,590176,LDU,ldu,LDU,0,0,5257,#52b030,#52b030,#ffffff
3,0,1,3,0,0,0,6,1,6.89,Alejandro Cabeza,alejandro-cabeza,51,868742,Emelec,emelec,Emelec,0,0,5255,#52b030,#52b030,#ffffff
23,1,10,30,0,0,0,121,5,6.89,Franklin Guerra,franklin-guerra,19,827135,Universidad Católica del Ecuador,universidad-catolica-del-ecuador,Universidad Católica del Ecuador,0,0,21942,#52b030,#52b030,#ffffff
13,0,0,5,0,0,0,2,4,6.89,Arnaldo Zambrano,zambrano-arnaldo,2,998401,Mushuc Runa,mushuc-runa,Mushuc Runa,0,0,134976,#52b030,#52b030,#ffffff
44,1,5,39,0,1,0,104,17,6.88,Jhonnier Chala,jhonnier-chala,15,1461225,El Nacional,el-nacional,El Nacional,0,0,5254,#52b030,#52b030,#ffffff
37,1,4,43,0,2,0,79,25,6.88,Jerry Parrales,parrales-jerry,7,1466377,El Nacional,el-nacional,El Nacional,0,0,5254,#52b030,#52b030,#ffffff
38,0,8,30,0,0,0,16,12,6.88,Elvis Patta,elvis-patta,2,588628,Técnico Universitario,tecnico-universitario,Técnico Universitario,0,0,21941,#52b030,#52b030,#ffffff
10,0,2,10,0,0,0,13,8,6.88,Nixon Molina,nixon-molina,12,1015290,Delfín,delfin,Delfín,0,0,213638,#52b030,#52b030,#ffffff
27,0,7,27,0,1,0,103,10,6.88,Carlos Rodríguez,carlos-rodriguez,55,849170,Barcelona SC,barcelona-sc,Barcelona SC,0,0,5250,#52b030,#52b030,#ffffff
11,0,1,2,0,0,0,5,4,6.88,Nicolas Sottile,sottile-nicolas,1,1118571,Cumbayá FC,cumbaya-fc,Cumbayá FC,0,0,377757,#52b030,#52b030,#ffffff
27,0,5,20,0,0,0,35,9,6.88,Caín Fara,cain-fara,14,971200,Emelec,emelec,Emelec,0,0,5255,#52b030,#52b030,#ffffff
1,0,0,0,0,0,0,7,4,6.87,Jhon Cifuente,jhon-cifuente,96,846663,Aucas,aucas,Aucas,0,0,5249,#52b030,#52b030,#ffffff
5,0,1,2,0,0,0,17,8,6.87,Diego Ledesma,ledesma-diego,14,1479176,Mushuc Runa,mushuc-runa,Mushuc Runa,0,0,134976,#52b030,#52b030,#ffffff
0,0,0,2,0,0,0,1,2,6.87,Alan Minda,minda-alan,285,1122552,Independiente del Valle,independiente-del-valle,Independiente del Valle,0,0,39723,#52b030,#52b030,#ffffff
16,0,4,14,0,0,0,39,3,6.87,Tomás Oneto,tomas-oneto,12,871814,Universidad Católica del Ecuador,universidad-catolica-del-ecuador,Universidad Católica del Ecuador,0,0,21942,#52b030,#52b030,#ffffff
38,0,6,11,0,2,0,17,22,6.86,Edison Caicedo,edison-caicedo,10,844615,Aucas,aucas,Aucas,0,0,5249,#52b030,#52b030,#ffffff
18,0,0,6,0,0,0,8,12,6.86,Alexis Rodríguez,alexis-rodriguez,41,882607,Delfín,delfin,Delfín,0,0,213638,#52b030,#52b030,#ffffff
32,0,6,26,0,1,0,13,19,6.86,Juan Ruiz Gómez,juan-ruiz-gomez,16,896857,Delfín,delfin,Delfín,0,0,213638,#52b030,#52b030,#ffffff
5,0,0,0,0,0,0,1,0,6.86,Elian Carabali,carabali-elian,2,1474739,Libertad,libertad,Libertad,0,0,394127,#52b030,#52b030,#ffffff
18,0,2,3,0,0,0,1,6,6.86,Bryan García,bryan-garcia,75,1065584,Independiente del Valle,independiente-del-valle,Independiente del Valle,0,0,39723,#52b030,#52b030,#ffffff
19,0,1,12,0,0,0,2,13,6.86,Jordan Rezabala,jordan-rezabala,48,1049725,Guayaquil City,guayaquil-city,Guayaquil City,0,0,188850,#52b030,#52b030,#ffffff
3,0,1,2,0,0,0,1,5,6.85,Gabriel Cortez,gabriel-cortez,68,1090134,Barcelona SC,barcelona-sc,Barcelona SC,0,0,5250,#52b030,#52b030,#ffffff
20,0,1,14,0,0,0,7,5,6.85,Thiago Serpa,thiago-serpa,5,1004135,Cumbayá FC,cumbaya-fc,Cumbayá FC,0,0,377757,#52b030,#52b030,#ffffff
30,0,9,25,0,2,0,74,8,6.85,Gabriel Achilier,gabriel-achilier,42,37047,Orense SC,orense-sc,Orense SC,0,0,277525,#52b030,#52b030,#ffffff
1,0,9,0,1,1,0,13,1,6.85,Moisés Ramírez,moises-ramirez,346,923237,Independiente del Valle,independiente-del-valle,Independiente del Valle,0,0,39723,#52b030,#52b030,#ffffff
24,0,3,3,0,0,0,5,8,6.85,Jhojan Julio,jhojan-julio,257,925741,LDU,ldu,LDU,0,0,5257,#52b030,#52b030,#ffffff
40,0,2,15,0,0,0,4,13,6.85,Cristhian Solano,solano-cristhian,5,1119725,Orense SC,orense-sc,Orense SC,0,0,277525,#52b030,#52b030,#ffffff
17,0,0,10,0,0,0,5,7,6.85,Byron Angulo,angulo-byron,7,1185457,Universidad Católica del Ecuador,universidad-catolica-del-ecuador,Universidad Católica del Ecuador,0,0,21942,#52b030,#52b030,#ffffff
1,0,6,0,1,0,0,15,0,6.85,Dennis Corozo,dennis-corozo,1,33227,Delfín,delfin,Delfín,0,0,213638,#52b030,#52b030,#ffffff
4,0,0,0,0,0,0,1,1,6.84,Agustín Rodríguez,agustin-rodriguez,61,1108468,Barcelona SC,barcelona-sc,Barcelona SC,0,0,5250,#52b030,#52b030,#ffffff
3,0,1,1,0,0,0,3,3,6.84,Angel Quiñonez,angel-quinonez,16,886545,El Nacional,el-nacional,El Nacional,0,0,5254,#52b030,#52b030,#ffffff
54,0,6,35,0,0,0,16,14,6.84,Leonai Souza de Almeida,leonai-souza-de-almeida,56,1021850,Barcelona SC,barcelona-sc,Barcelona SC,0,0,5250,#52b030,#52b030,#ffffff
20,0,7,33,0,2,0,109,10,6.84,Dennis Quintero,dennis-quintero,3,789917,Técnico Universitario,tecnico-universitario,Técnico Universitario,0,0,21941,#52b030,#52b030,#ffffff
19,0,3,5,0,0,0,10,15,6.84,Sergio Gonzalez,sergio-gonzalez,11,790806,Mushuc Runa,mushuc-runa,Mushuc Runa,0,0,134976,#52b030,#52b030,#ffffff
1,1,9,0,0,1,0,30,0,6.84,Rolando David Silva,silva-rolando-david,1,1020039,Orense SC,orense-sc,Orense SC,0,0,277525,#52b030,#52b030,#ffffff
4,0,0,1,0,0,0,0,2,6.84,Eber Caicedo,eber-caicedo,2,226216,El Nacional,el-nacional,El Nacional,0,0,5254,#52b030,#52b030,#ffffff
0,0,0,0,0,0,0,3,0,6.84,Juan Anangonó,juan-anangono,37,125076,LDU,ldu,LDU,0,0,5257,#52b030,#52b030,#ffffff
10,0,4,6,0,0,0,54,5,6.84,Joao Quinones,quinones-joao,3,939465,Libertad,libertad,Libertad,0,0,394127,#52b030,#52b030,#ffffff
43,0,4,38,0,0,0,108,18,6.83,Jhon Ontaneda,ontaneda-jhon,4,989402,Gualaceo SC,gualaceo-sc,Gualaceo SC,0,0,248196,#52b030,#52b030,#ffffff
10,0,3,1,0,0,0,2,2,6.83,Jorge Ordóñez,jorge-ordonez,15,869786,El Nacional,el-nacional,El Nacional,0,0,5254,#52b030,#52b030,#ffffff
0,0,0,1,0,0,0,3,0,6.83,Ángel Gracia,angel-gracia,3,805126,Guayaquil City,guayaquil-city,Guayaquil City,0,0,188850,#52b030,#52b030,#ffffff
1,0,0,0,0,0,0,0,1,6.83,Andrés Sánchez,andres-sanchez,1,1473020,Delfín,delfin,Delfín,0,0,213638,#52b030,#52b030,#ffffff
22,0,6,21,0,1,0,5,16,6.83,Robert Burbano,robert-burbano,13,339557,Orense SC,orense-sc,Orense SC,0,0,277525,#52b030,#52b030,#ffffff
23,0,3,9,0,0,0,11,7,6.83,Jesús Trindade,jesus-trindade,124,924855,Barcelona SC,barcelona-sc,Barcelona SC,0,0,5250,#52b030,#52b030,#ffffff
7,0,4,7,0,1,0,11,2,6.83,Matías Fernández,matias-fernandez,237,805170,Independiente del Valle,independiente-del-valle,Independiente del Valle,0,0,39723,#52b030,#52b030,#ffffff
18,0,3,9,0,0,0,8,8,6.83,Joseph Espinoza,espinoza-joseph,12,1004132,Emelec,emelec,Emelec,0,0,5255,#52b030,#52b030,#ffffff
31,0,4,29,1,2,0,55,12,6.83,Facundo Rivero,facundo-rivero,4,1210374,Mushuc Runa,mushuc-runa,Mushuc Runa,0,0,134976,#52b030,#52b030,#ffffff
12,0,2,10,0,0,0,10,6,6.83,Luis Castillo,castillo-luis,1,985109,Universidad Católica del Ecuador,universidad-catolica-del-ecuador,Universidad Católica del Ecuador,0,0,21942,#52b030,#52b030,#ffffff
5,0,0,3,0,0,0,0,3,6.82,Kelvin Osorio,kelvin-osorio,35,818997,Mushuc Runa,mushuc-runa,Mushuc Runa,0,0,134976,#52b030,#52b030,#ffffff
26,0,9,22,0,1,0,92,4,6.82,Luca Sosa,luca-sosa,25,789668,Barcelona SC,barcelona-sc,Barcelona SC,0,0,5250,#52b030,#52b030,#ffffff
45,0,10,27,1,0,0,38,22,6.82,Marcos Andrés López,marcos-andres-lopez,8,846671,Deportivo Cuenca,deportivo-cuenca,Deportivo Cuenca,0,0,5251,#52b030,#52b030,#ffffff
2,0,0,3,0,0,0,2,2,6.82,Juan Nazareno,juan-nazareno,1,822719,Mushuc Runa,mushuc-runa,Mushuc Runa,0,0,134976,#52b030,#52b030,#ffffff
0,0,2,0,0,0,0,14,0,6.82,Wilman Pabón,wilman-pabon,1,923195,Mushuc Runa,mushuc-runa,Mushuc Runa,0,0,134976,#52b030,#52b030,#ffffff
72,0,8,25,0,2,0,53,24,6.82,Cristian García,cristian-garcia,5,943177,Delfín,delfin,Delfín,0,0,213638,#52b030,#52b030,#ffffff
24,0,3,10,0,0,0,12,12,6.81,David Noboa,david-noboa,2,588596,Deportivo Cuenca,deportivo-cuenca,Deportivo Cuenca,0,0,5251,#52b030,#52b030,#ffffff
5,0,3,7,0,0,0,34,2,6.81,Jefferson Nazareno,nazareno-jefferson,0,1473025,Delfín,delfin,Delfín,0,0,213638,#52b030,#52b030,#ffffff
12,0,6,16,0,0,0,20,7,6.81,Leonel Quiñónez,leonel-quinonez,21,922853,LDU,ldu,LDU,0,0,5257,#52b030,#52b030,#ffffff
36,0,6,39,0,0,0,86,12,6.81,Arián Pucheta,arian-pucheta,12,859969,Cumbayá FC,cumbaya-fc,Cumbayá FC,0,0,377757,#52b030,#52b030,#ffffff
24,0,0,8,0,0,0,10,6,6.81,Esteban Davila,esteban-davila,5,873889,Deportivo Cuenca,deportivo-cuenca,Deportivo Cuenca,0,0,5251,#52b030,#52b030,#ffffff
5,0,0,1,0,0,0,2,1,6.81,Eddy Mejía,eddy-mejia,3,922092,El Nacional,el-nacional,El Nacional,0,0,5254,#52b030,#52b030,#ffffff
27,0,1,18,0,1,0,3,8,6.81,Christian Ortíz,christian-ortiz,111,293235,Barcelona SC,barcelona-sc,Barcelona SC,0,0,5250,#52b030,#52b030,#ffffff
31,0,0,6,0,0,0,3,8,6.81,Janner Corozo,janner-corozo,59,868275,Barcelona SC,barcelona-sc,Barcelona SC,0,0,5250,#52b030,#52b030,#ffffff
56,0,8,38,0,0,0,37,32,6.81,Renny Jaramillo,renny-jaramillo,9,588640,Delfín,delfin,Delfín,0,0,213638,#52b030,#52b030,#ffffff
34,0,1,16,0,0,0,10,17,6.81,Anderson Naula,anderson-naula,5,805166,Libertad,libertad,Libertad,0,0,394127,#52b030,#52b030,#ffffff
48,0,3,33,0,0,0,21,22,6.8,Jorge Gongora,gongora-jorge,6,1185460,Gualaceo SC,gualaceo-sc,Gualaceo SC,0,0,248196,#52b030,#52b030,#ffffff
1,0,0,0,0,0,0,4,3,6.8,Kevin Rodriguez,rodriguez-kevin,557,1431770,Independiente del Valle,independiente-del-valle,Independiente del Valle,0,0,39723,#52b030,#52b030,#ffffff
33,0,4,22,0,0,0,27,7,6.8,Maikel Reyes,maikel-reyes,9,1105564,Delfín,delfin,Delfín,0,0,213638,#52b030,#52b030,#ffffff
11,0,0,1,0,0,0,1,2,6.8,David Ribeiro Pereira,ribeiro-pereira-david,8,984979,Orense SC,orense-sc,Orense SC,0,0,277525,#52b030,#52b030,#ffffff
2,0,0,0,0,0,0,3,1,6.8,Joel Quintero,joel-quintero,9,822717,Emelec,emelec,Emelec,0,0,5255,#52b030,#52b030,#ffffff
9,0,0,5,0,0,0,6,1,6.8,Byron Mina,byron-mina,1,248045,Técnico Universitario,tecnico-universitario,Técnico Universitario,0,0,21941,#52b030,#52b030,#ffffff
5,0,2,4,0,0,0,13,0,6.8,Aubrey David,aubrey-david,35,249665,Aucas,aucas,Aucas,0,0,5249,#52b030,#52b030,#ffffff
0,0,0,0,0,0,0,0,0,6.8,Johan Lara,johan-lara,1,985144,Aucas,aucas,Aucas,0,0,5249,#52b030,#52b030,#ffffff
2,0,0,0,0,0,0,0,0,6.8,Rooney Troya,troya-rooney,15,1482436,Universidad Católica del Ecuador,universidad-catolica-del-ecuador,Universidad Católica del Ecuador,0,0,21942,#52b030,#52b030,#ffffff
0,0,0,0,0,0,0,0,1,6.8,Kevin Mercado,kevin-mercado,42,155796,El Nacional,el-nacional,El Nacional,0,0,5254,#52b030,#52b030,#ffffff
5,0,1,0,0,0,0,1,2,6.8,Jair Castillo,castillo-jair,1,1473188,Técnico Universitario,tecnico-universitario,Técnico Universitario,0,0,21941,#52b030,#52b030,#ffffff
0,0,3,0,0,0,0,1,0,6.8,Juan Bolado,juan-bolado,4,848617,Libertad,libertad,Libertad,0,0,394127,#52b030,#52b030,#ffffff
22,0,2,9,0,0,0,10,6,6.8,Jean Carlos Montaño,jean-carlos-montano,7,905565,Guayaquil City,guayaquil-city,Guayaquil City,0,0,188850,#52b030,#52b030,#ffffff
10,1,7,8,1,0,0,70,4,6.79,Darío Aimar,dario-aimar,16,805296,Guayaquil City,guayaquil-city,Guayaquil City,0,0,188850,#52b030,#52b030,#ffffff
18,0,7,22,0,0,0,22,4,6.79,Edison Vega,edison-vega,11,832468,Aucas,aucas,Aucas,0,0,5249,#52b030,#52b030,#ffffff
2,0,0,1,0,0,0,0,1,6.79,Diego Armas,diego-armas,5,925605,El Nacional,el-nacional,El Nacional,0,0,5254,#52b030,#52b030,#ffffff
9,0,1,7,0,0,0,17,3,6.79,Pedro Velasco,pedro-velasco,29,146300,Barcelona SC,barcelona-sc,Barcelona SC,0,0,5250,#52b030,#52b030,#ffffff
3,0,0,1,0,0,0,0,3,6.79,Francisco Gatti,gatti-francisco,3,1096661,Libertad,libertad,Libertad,0,0,394127,#52b030,#52b030,#ffffff
14,0,7,17,0,1,0,19,3,6.79,Bryan Ramirez,ramirez-bryan,8,1459658,LDU,ldu,LDU,0,0,5257,#52b030,#52b030,#ffffff
2,0,1,0,0,0,0,5,0,6.79,Victor Mendoza,mendoza-victor,20,991138,Barcelona SC,barcelona-sc,Barcelona SC,0,0,5250,#52b030,#52b030,#ffffff
10,0,1,2,0,0,0,5,1,6.79,Carlos Uvilde Sanchez Esmeraldas,carlos-uvilde-sanchez-esmeraldas,5,1065585,Independiente del Valle,independiente-del-valle,Independiente del Valle,0,0,39723,#52b030,#52b030,#ffffff
34,0,2,23,0,1,0,27,17,6.78,Steven Tapiero,tapiero-steven,16,1020186,Técnico Universitario,tecnico-universitario,Técnico Universitario,0,0,21941,#52b030,#52b030,#ffffff
5,0,1,1,0,0,0,8,0,6.78,Vinicio Angulo,vinicio-angulo,9,125075,Gualaceo SC,gualaceo-sc,Gualaceo SC,0,0,248196,#52b030,#52b030,#ffffff
10,0,1,5,0,0,0,6,5,6.78,José Alberti,jose-alberti,23,976102,Emelec,emelec,Emelec,0,0,5255,#52b030,#52b030,#ffffff
22,0,1,13,0,0,1,38,5,6.78,Jimmy Mina,mina-jimmy,2,1468325,Cumbayá FC,cumbaya-fc,Cumbayá FC,0,0,377757,#52b030,#52b030,#ffffff
25,0,1,16,0,0,0,5,10,6.78,Madison Julio,madison-julio,5,826819,El Nacional,el-nacional,El Nacional,0,0,5254,#52b030,#52b030,#ffffff
7,0,5,4,0,0,0,36,6,6.78,Guillermo Fratta,guillermo-fratta,34,805244,Deportivo Cuenca,deportivo-cuenca,Deportivo Cuenca,0,0,5251,#52b030,#52b030,#ffffff
10,0,0,2,0,0,0,2,2,6.78,Cristian Colmán,cristian-colman,97,805316,Universidad Católica del Ecuador,universidad-catolica-del-ecuador,Universidad Católica del Ecuador,0,0,21942,#52b030,#52b030,#ffffff
2,0,0,3,0,0,0,2,1,6.78,Patrickson Delgado,patrickson-delgado,179,1002530,Independiente del Valle,independiente-del-valle,Independiente del Valle,0,0,39723,#52b030,#52b030,#ffffff
3,0,0,2,0,0,0,0,3,6.78,Darlin Leiton,leiton-darlin,47,987648,Universidad Católica del Ecuador,universidad-catolica-del-ecuador,Universidad Católica del Ecuador,0,0,21942,#52b030,#52b030,#ffffff
6,0,0,8,0,0,0,23,2,6.78,Davor Montiel,davor-montiel,1,1108521,Cumbayá FC,cumbaya-fc,Cumbayá FC,0,0,377757,#52b030,#52b030,#ffffff
14,0,12,25,0,1,0,111,5,6.77,Nicolás Goitea,goitea-nicolas,5,1092353,Delfín,delfin,Delfín,0,0,213638,#52b030,#52b030,#ffffff
16,0,1,10,0,0,0,5,13,6.77,Richard Calderón,richard-calderon,8,827122,Orense SC,orense-sc,Orense SC,0,0,277525,#52b030,#52b030,#ffffff
8,0,1,1,0,0,0,1,5,6.77,Lautaro Díaz,lautaro-diaz,246,992093,Independiente del Valle,independiente-del-valle,Independiente del Valle,0,0,39723,#52b030,#52b030,#ffffff
16,0,1,3,0,0,0,4,5,6.77,Daniel Porozo,daniel-porozo,7,588626,Libertad,libertad,Libertad,0,0,394127,#52b030,#52b030,#ffffff
17,0,2,11,0,0,0,15,7,6.77,Carlos Arboleda,carlos-arboleda,5,909664,Técnico Universitario,tecnico-universitario,Técnico Universitario,0,0,21941,#52b030,#52b030,#ffffff
19,0,1,14,0,0,0,8,18,6.77,Francisco Mera,francisco-mera,3,915158,Deportivo Cuenca,deportivo-cuenca,Deportivo Cuenca,0,0,5251,#52b030,#52b030,#ffffff
20,0,5,26,0,0,0,47,6,6.77,Edison Carcelen,edison-carcelen,4,846828,Técnico Universitario,tecnico-universitario,Técnico Universitario,0,0,21941,#52b030,#52b030,#ffffff
16,0,4,10,0,0,0,10,3,6.77,Joao Ortíz,joao-ortiz,47,588630,Independiente del Valle,independiente-del-valle,Independiente del Valle,0,0,39723,#52b030,#52b030,#ffffff
5,0,0,1,0,0,0,2,4,6.76,Bryan Rodriguez,rodriguez-bryan,1,1020038,Libertad,libertad,Libertad,0,0,394127,#52b030,#52b030,#ffffff
3,0,0,2,0,0,0,2,0,6.76,Cristian Penilla,cristian-penilla,18,220439,Delfín,delfin,Delfín,0,0,213638,#52b030,#52b030,#ffffff
5,0,2,5,0,0,0,6,3,6.76,Christian Oña,christian-ona,4,340197,Universidad Católica del Ecuador,universidad-catolica-del-ecuador,Universidad Católica del Ecuador,0,0,21942,#52b030,#52b030,#ffffff
3,0,2,3,0,0,0,7,5,6.76,Marcelo Moreno,marcelo-moreno,638,33120,Independiente del Valle,independiente-del-valle,Independiente del Valle,0,0,39723,#52b030,#52b030,#ffffff
5,0,0,2,0,0,0,1,3,6.76,Vilinton Branda,branda-vilinton,9,1190984,Deportivo Cuenca,deportivo-cuenca,Deportivo Cuenca,0,0,5251,#52b030,#52b030,#ffffff
10,0,1,11,0,1,0,29,7,6.76,Jhonny Quiñónez,jhonny-quinonez,20,881847,Aucas,aucas,Aucas,0,0,5249,#52b030,#52b030,#ffffff
34,0,5,24,0,0,0,35,12,6.76,Layan Loor,layan-loor,8,1184983,Universidad Católica del Ecuador,universidad-catolica-del-ecuador,Universidad Católica del Ecuador,0,0,21942,#52b030,#52b030,#ffffff
28,0,3,13,0,0,0,37,8,6.76,Mateo Carabajal,mateo-carabajal,54,896623,Independiente del Valle,independiente-del-valle,Independiente del Valle,0,0,39723,#52b030,#52b030,#ffffff
19,0,3,14,0,0,0,5,22,6.76,Fernando Gaibor,fernando-gaibor,97,106461,Barcelona SC,barcelona-sc,Barcelona SC,0,0,5250,#52b030,#52b030,#ffffff
10,0,0,4,0,0,0,5,7,6.76,Manu Balda,manu-balda,25,787750,El Nacional,el-nacional,El Nacional,0,0,5254,#52b030,#52b030,#ffffff
7,0,0,6,0,0,0,5,2,6.76,Yaimar Medina,yaimar-medina,82,1106546,Independiente del Valle,independiente-del-valle,Independiente del Valle,0,0,39723,#52b030,#52b030,#ffffff
9,0,1,7,0,1,0,22,0,6.76,Joshue Quinonez,quinonez-joshue,52,1002950,Barcelona SC,barcelona-sc,Barcelona SC,0,0,5250,#52b030,#52b030,#ffffff
2,0,3,0,0,1,0,6,2,6.75,Walter Hinostroza,walter-hinostroza,1,922858,Gualaceo SC,gualaceo-sc,Gualaceo SC,0,0,248196,#52b030,#52b030,#ffffff
26,0,13,26,0,0,0,61,9,6.75,Jonnathan Mina,mina-jonnathan,3,1019932,Delfín,delfin,Delfín,0,0,213638,#52b030,#52b030,#ffffff
17,0,1,6,0,0,0,2,7,6.75,Jimmy Evans,evans-jimmy,8,1177802,Mushuc Runa,mushuc-runa,Mushuc Runa,0,0,134976,#52b030,#52b030,#ffffff
0,0,0,0,0,0,0,0,0,6.75,Daniel Mejia,mejia-daniel,0,1604235,Universidad Católica del Ecuador,universidad-catolica-del-ecuador,Universidad Católica del Ecuador,0,0,21942,#52b030,#52b030,#ffffff
1,0,0,3,0,0,0,1,0,6.75,Bryan Oña,bryan-ona,2,882068,El Nacional,el-nacional,El Nacional,0,0,5254,#52b030,#52b030,#ffffff
4,0,0,0,0,0,0,0,2,6.75,Sergio Sosa,sosa-sergio,3,789888,Libertad,libertad,Libertad,0,0,394127,#52b030,#52b030,#ffffff
2,0,0,2,0,0,0,1,0,6.75,Manuel Corozo,manuel-corozo,0,1103523,Guayaquil City,guayaquil-city,Guayaquil City,0,0,188850,#52b030,#52b030,#ffffff
2,0,0,1,0,0,0,2,0,6.75,Mayckel Uriarte,mayckel-uriarte,1,1117777,Orense SC,orense-sc,Orense SC,0,0,277525,#52b030,#52b030,#ffffff
0,1,6,0,0,0,0,15,0,6.75,Jorge Pinos,jorge-pinos,16,925598,Mushuc Runa,mushuc-runa,Mushuc Runa,0,0,134976,#52b030,#52b030,#ffffff
7,0,0,2,0,0,0,0,4,6.75,Wilter Ayovi,wilter-ayovi,3,826832,Mushuc Runa,mushuc-runa,Mushuc Runa,0,0,134976,#52b030,#52b030,#ffffff
20,0,3,22,0,4,0,85,5,6.75,Ousmane N’Dong,ousmane-n-dong,25,1017449,Gualaceo SC,gualaceo-sc,Gualaceo SC,0,0,248196,#52b030,#52b030,#ffffff
19,0,0,12,0,0,0,9,10,6.74,Daniel Clavijo,daniel-clavijo,1,903650,Universidad Católica del Ecuador,universidad-catolica-del-ecuador,Universidad Católica del Ecuador,0,0,21942,#52b030,#52b030,#ffffff
6,0,0,1,0,0,0,1,1,6.74,Ronald Perlaza,perlaza-ronald,6,1485501,Aucas,aucas,Aucas,0,0,5249,#52b030,#52b030,#ffffff
31,0,1,13,0,0,0,15,12,6.74,Ariel Almagro,ariel-almagro,0,1495599,Cumbayá FC,cumbaya-fc,Cumbayá FC,0,0,377757,#52b030,#52b030,#ffffff
45,0,6,35,0,0,0,45,11,6.74,Roger Arias,roger-arias,3,1103526,Guayaquil City,guayaquil-city,Guayaquil City,0,0,188850,#52b030,#52b030,#ffffff
13,0,0,4,0,0,0,3,8,6.74,José Andrade,jose-andrade,3,883301,Orense SC,orense-sc,Orense SC,0,0,277525,#52b030,#52b030,#ffffff
23,0,9,32,0,3,0,89,4,6.74,Luciano Recalde,luciano-recalde,19,896879,Deportivo Cuenca,deportivo-cuenca,Deportivo Cuenca,0,0,5251,#52b030,#52b030,#ffffff
1,0,9,0,0,1,1,11,1,6.74,Walter Chavez,walter-chavez,1,155764,Técnico Universitario,tecnico-universitario,Técnico Universitario,0,0,21941,#52b030,#52b030,#ffffff
8,0,1,11,0,1,0,4,4,6.74,Gustavo Cortez,gustavo-cortez,29,846662,Independiente del Valle,independiente-del-valle,Independiente del Valle,0,0,39723,#52b030,#52b030,#ffffff
25,0,3,29,1,0,0,84,9,6.74,Kevin Becerra,kevin-becerra,1,931653,Guayaquil City,guayaquil-city,Guayaquil City,0,0,188850,#52b030,#52b030,#ffffff
5,0,4,0,1,4,0,25,3,6.74,David Cabezas,david-cabezas,5,886492,El Nacional,el-nacional,El Nacional,0,0,5254,#52b030,#52b030,#ffffff
18,1,0,10,0,0,0,2,7,6.74,Adolfo Muñoz,adolfo-munoz,29,869785,Técnico Universitario,tecnico-universitario,Técnico Universitario,0,0,21941,#52b030,#52b030,#ffffff
13,0,4,8,0,0,0,30,6,6.74,Richard Mina,mina-richard,31,937863,LDU,ldu,LDU,0,0,5257,#52b030,#52b030,#ffffff
20,0,5,12,0,1,0,11,10,6.74,Jean Carlos Estacio,jean-carlos-estacio,1,932247,Mushuc Runa,mushuc-runa,Mushuc Runa,0,0,134976,#52b030,#52b030,#ffffff
15,0,0,2,0,0,1,21,8,6.73,Agustin Maziero,agustin-maziero,13,913609,Cumbayá FC,cumbaya-fc,Cumbayá FC,0,0,377757,#52b030,#52b030,#ffffff
36,0,3,13,0,1,0,20,21,6.73,Sebastián Assis,sebastian-assis,18,976167,Orense SC,orense-sc,Orense SC,0,0,277525,#52b030,#52b030,#ffffff
16,0,1,6,0,0,0,4,10,6.73,Cristian Pellerano,cristian-pellerano,35,787563,Independiente del Valle,independiente-del-valle,Independiente del Valle,0,0,39723,#52b030,#52b030,#ffffff
33,0,3,22,0,1,0,42,21,6.73,Jordan Chillambo,chillambo-jordan,1,1473214,Libertad,libertad,Libertad,0,0,394127,#52b030,#52b030,#ffffff
2,0,1,1,0,0,0,2,2,6.73,Dixon Arroyo,dixon-arroyo,273,158407,Emelec,emelec,Emelec,0,0,5255,#52b030,#52b030,#ffffff
13,0,1,1,0,0,0,5,2,6.73,Cristian Martínez,cristian-martinez,129,312194,Orense SC,orense-sc,Orense SC,0,0,277525,#52b030,#52b030,#ffffff
38,0,2,9,0,0,0,9,15,6.73,Andrés Felipe Ávila,andres-felipe-avila,16,921961,Libertad,libertad,Libertad,0,0,394127,#52b030,#52b030,#ffffff
11,0,3,18,0,0,0,60,4,6.73,Darwin Estuardo Quilumba Diaz,darwin-estuardo-quilumba-diaz,2,922104,Mushuc Runa,mushuc-runa,Mushuc Runa,0,0,134976,#52b030,#52b030,#ffffff
2,0,0,5,0,0,0,2,1,6.73,Steven Gomez,gomez-steven,4,1461227,El Nacional,el-nacional,El Nacional,0,0,5254,#52b030,#52b030,#ffffff
1,0,0,0,0,0,0,3,0,6.73,Olmes García,olmes-garcia,12,314094,Gualaceo SC,gualaceo-sc,Gualaceo SC,0,0,248196,#52b030,#52b030,#ffffff
5,0,0,4,0,0,0,3,7,6.73,Jalmar Almeida,almeida-jalmar,3,1186831,Deportivo Cuenca,deportivo-cuenca,Deportivo Cuenca,0,0,5251,#52b030,#52b030,#ffffff
2,0,0,0,0,0,0,1,0,6.73,Lucas Ontivero,lucas-ontivero,13,384486,Cumbayá FC,cumbaya-fc,Cumbayá FC,0,0,377757,#52b030,#52b030,#ffffff
36,1,12,30,0,1,0,125,14,6.73,Luis Caicedo,luis-caicedo,5,1169072,Delfín,delfin,Delfín,0,0,213638,#52b030,#52b030,#ffffff
28,0,0,15,0,1,0,32,17,6.73,Jean Humanante,humanante-jean,9,938611,Guayaquil City,guayaquil-city,Guayaquil City,0,0,188850,#52b030,#52b030,#ffffff
10,0,1,3,0,1,0,3,4,6.73,Nicolás Previtali,nicolas-previtali,16,906807,Independiente del Valle,independiente-del-valle,Independiente del Valle,0,0,39723,#52b030,#52b030,#ffffff
2,0,0,0,0,0,0,0,3,6.73,Yilmar Filigrana,yilmar-filigrana,14,874724,Técnico Universitario,tecnico-universitario,Técnico Universitario,0,0,21941,#52b030,#52b030,#ffffff
24,0,6,27,0,1,0,140,13,6.72,Pablo Cifuentes,pablo-cifuentes,1,873737,Cumbayá FC,cumbaya-fc,Cumbayá FC,0,0,377757,#52b030,#52b030,#ffffff
6,0,1,2,0,0,0,3,1,6.72,Tommy Chamba,tommy-chamba,70,1404583,Emelec,emelec,Emelec,0,0,5255,#52b030,#52b030,#ffffff
20,0,0,10,0,0,0,5,8,6.72,Henry Patta,henry-patta,4,588620,Gualaceo SC,gualaceo-sc,Gualaceo SC,0,0,248196,#52b030,#52b030,#ffffff
4,0,0,2,0,0,0,10,1,6.72,Jose Caicedo,caicedo-jose,3,1474796,Libertad,libertad,Libertad,0,0,394127,#52b030,#52b030,#ffffff
5,0,0,0,0,0,0,0,0,6.72,Kevin Velasco,kevin-velasco,1,1185054,Técnico Universitario,tecnico-universitario,Técnico Universitario,0,0,21941,#52b030,#52b030,#ffffff
36,0,3,21,0,1,0,33,7,6.72,Marlon Medranda,medranda-marlon,1,1020037,Técnico Universitario,tecnico-universitario,Técnico Universitario,0,0,21941,#52b030,#52b030,#ffffff
43,0,6,14,0,0,0,33,28,6.72,Marco Montaño,marco-montano,3,827138,Mushuc Runa,mushuc-runa,Mushuc Runa,0,0,134976,#52b030,#52b030,#ffffff
4,0,0,4,0,0,0,2,3,6.72,Enzo López,enzo-lopez,4,1022783,Deportivo Cuenca,deportivo-cuenca,Deportivo Cuenca,0,0,5251,#52b030,#52b030,#ffffff
20,0,3,13,0,0,0,5,12,6.72,Onofre Mejia,onofre-mejia,1,338951,Técnico Universitario,tecnico-universitario,Técnico Universitario,0,0,21941,#52b030,#52b030,#ffffff
9,0,0,6,0,0,0,2,4,6.72,Jefferson Caicedo,caicedo-jefferson,3,927271,Técnico Universitario,tecnico-universitario,Técnico Universitario,0,0,21941,#52b030,#52b030,#ffffff
3,0,0,0,0,0,0,4,1,6.72,Jan Hurtado,jan-hurtado,573,868777,LDU,ldu,LDU,0,0,5257,#52b030,#52b030,#ffffff
2,0,1,5,0,0,0,7,3,6.72,Jackson Rodríguez,jackson-rodriguez,10,1018168,Emelec,emelec,Emelec,0,0,5255,#52b030,#52b030,#ffffff
24,0,3,7,0,0,0,12,11,6.72,Renny Sinisterra,sinisterra-renny,25,1131289,Libertad,libertad,Libertad,0,0,394127,#52b030,#52b030,#ffffff
16,1,1,21,0,0,1,42,4,6.71,Darwin Torres,darwin-torres,19,220757,Guayaquil City,guayaquil-city,Guayaquil City,0,0,188850,#52b030,#52b030,#ffffff
0,0,0,1,0,0,0,2,0,6.71,Michael Rangel,michael-rangel,139,1103938,Aucas,aucas,Aucas,0,0,5249,#52b030,#52b030,#ffffff
31,0,2,21,0,1,0,20,8,6.71,José Hernández,jose-hernandez,8,885589,Gualaceo SC,gualaceo-sc,Gualaceo SC,0,0,248196,#52b030,#52b030,#ffffff
3,0,0,0,0,0,0,1,1,6.71,Alejandro Gabriel Quintana,alejandro-gabriel-quintana,16,868706,Orense SC,orense-sc,Orense SC,0,0,277525,#52b030,#52b030,#ffffff
57,0,3,14,0,0,0,56,14,6.71,Alex Rangel,rangel-alex,8,1109883,Técnico Universitario,tecnico-universitario,Técnico Universitario,0,0,21941,#52b030,#52b030,#ffffff
17,0,1,10,0,0,0,1,1,6.71,Adonis Preciado,adonis-preciado,38,975536,Barcelona SC,barcelona-sc,Barcelona SC,0,0,5250,#52b030,#52b030,#ffffff
11,0,0,0,0,1,0,5,6,6.71,Erick Castillo,erick-castillo,74,338957,Aucas,aucas,Aucas,0,0,5249,#52b030,#52b030,#ffffff
3,0,0,0,0,0,0,1,1,6.71,Diego Hurtado,diego-hurtado,3,922854,Cumbayá FC,cumbaya-fc,Cumbayá FC,0,0,377757,#52b030,#52b030,#ffffff
7,0,4,12,0,0,0,48,1,6.71,Wilker Ángel,wilker-angel,331,147358,Aucas,aucas,Aucas,0,0,5249,#52b030,#52b030,#ffffff
8,0,2,4,0,0,0,5,5,6.71,Jhoanner Chávez,jhoanner-chavez,245,1002458,Independiente del Valle,independiente-del-valle,Independiente del Valle,0,0,39723,#52b030,#52b030,#ffffff
21,0,0,7,0,0,0,10,7,6.71,Marco Alexander Carrasco Bonilla,carrasco-bonilla-marco-alexander,5,966583,Mushuc Runa,mushuc-runa,Mushuc Runa,0,0,134976,#52b030,#52b030,#ffffff
8,0,2,20,0,2,0,54,4,6.71,Ronny Biojo,biojo-ronny,1,965873,Deportivo Cuenca,deportivo-cuenca,Deportivo Cuenca,0,0,5251,#52b030,#52b030,#ffffff
28,0,0,12,0,0,0,6,19,6.7,Rommel Tapia,rommel-tapia,1,1391980,Cumbayá FC,cumbaya-fc,Cumbayá FC,0,0,377757,#52b030,#52b030,#ffffff
6,0,0,0,0,0,0,1,1,6.7,Bryan Elian Vinan Rodriguez,bryan-elian-vinan-rodriguez,1,964923,Orense SC,orense-sc,Orense SC,0,0,277525,#52b030,#52b030,#ffffff
0,0,0,0,0,0,0,0,0,6.7,Derlis Mereles,mereles-derlis,15,974113,Cumbayá FC,cumbaya-fc,Cumbayá FC,0,0,377757,#52b030,#52b030,#ffffff
1,0,0,0,0,0,0,0,0,6.7,Álvaro Preciado,alvaro-preciado,9,974099,Barcelona SC,barcelona-sc,Barcelona SC,0,0,5250,#52b030,#52b030,#ffffff
1,0,0,0,0,0,0,0,0,6.7,Guillermo Rendón,guillermo-rendon,8,1177429,Barcelona SC,barcelona-sc,Barcelona SC,0,0,5250,#52b030,#52b030,#ffffff
3,0,0,1,0,0,0,0,2,6.7,Marcos Olmedo,olmedo-marcos,2,975773,LDU,ldu,LDU,0,0,5257,#52b030,#52b030,#ffffff
1,0,0,3,0,0,0,2,1,6.7,Jeremy Mina,mina-jeremy,1,1116363,Universidad Católica del Ecuador,universidad-catolica-del-ecuador,Universidad Católica del Ecuador,0,0,21942,#52b030,#52b030,#ffffff
0,0,0,2,0,0,0,0,0,6.7,Ronal de Jesus,de-jesus-ronal,1,989375,El Nacional,el-nacional,El Nacional,0,0,5254,#52b030,#52b030,#ffffff
5,0,1,6,0,0,0,14,1,6.7,Ariel Aguas,aguas-ariel,0,1485140,Cumbayá FC,cumbaya-fc,Cumbayá FC,0,0,377757,#52b030,#52b030,#ffffff
6,0,0,5,0,0,0,5,5,6.7,Ivan Becker,becker-ivan,2,1001813,Cumbayá FC,cumbaya-fc,Cumbayá FC,0,0,377757,#52b030,#52b030,#ffffff
0,0,0,0,0,0,0,0,0,6.7,Wilson Chuchuca,chuchuca-wilson,2,1521968,Orense SC,orense-sc,Orense SC,0,0,277525,#52b030,#52b030,#ffffff
29,0,4,14,0,1,0,19,11,6.69,Mario Pineida,mario-pineida,113,158365,Barcelona SC,barcelona-sc,Barcelona SC,0,0,5250,#52b030,#52b030,#ffffff
26,0,3,11,0,0,0,7,12,6.69,Angelo Mina,mina-angelo,4,989217,Aucas,aucas,Aucas,0,0,5249,#52b030,#52b030,#ffffff
17,0,4,18,0,0,0,12,13,6.69,Bryan Carabalí,bryan-carabali,34,877439,Emelec,emelec,Emelec,0,0,5255,#52b030,#52b030,#ffffff
5,0,0,2,0,0,0,0,6,6.69,Jonathan Borja,jonathan-borja,40,869784,Mushuc Runa,mushuc-runa,Mushuc Runa,0,0,134976,#52b030,#52b030,#ffffff
24,0,11,21,0,1,0,21,5,6.69,Romario Caicedo,romario-caicedo,11,858239,Emelec,emelec,Emelec,0,0,5255,#52b030,#52b030,#ffffff
6,0,1,2,0,0,0,0,3,6.69,Carlos Feraud,carlos-feraud,6,249519,Libertad,libertad,Libertad,0,0,394127,#52b030,#52b030,#ffffff
5,0,0,1,0,0,0,5,2,6.69,Rodrigo Rivas González,rodrigo-rivas-gonzalez,25,850930,Orense SC,orense-sc,Orense SC,0,0,277525,#52b030,#52b030,#ffffff
6,0,3,14,0,0,0,28,3,6.69,Ariel Garcia,garcia-ariel,1,1185732,Aucas,aucas,Aucas,0,0,5249,#52b030,#52b030,#ffffff
27,0,1,12,0,0,0,17,18,6.69,Bruno Téliz,bruno-teliz,17,976170,Mushuc Runa,mushuc-runa,Mushuc Runa,0,0,134976,#52b030,#52b030,#ffffff
12,0,0,19,0,1,0,22,6,6.69,Andres Campas,andres-campas,1,1185561,Gualaceo SC,gualaceo-sc,Gualaceo SC,0,0,248196,#52b030,#52b030,#ffffff
0,0,3,0,0,2,0,17,0,6.69,José Luis Angulo,jose-luis-angulo,2,931633,Libertad,libertad,Libertad,0,0,394127,#52b030,#52b030,#ffffff
13,0,1,4,0,0,0,19,2,6.69,John Medina,medina-john,1,1103933,Gualaceo SC,gualaceo-sc,Gualaceo SC,0,0,248196,#52b030,#52b030,#ffffff
18,0,0,6,0,0,0,7,14,6.69,Mauricio Alonso,mauricio-alonso,16,896840,Guayaquil City,guayaquil-city,Guayaquil City,0,0,188850,#52b030,#52b030,#ffffff
5,0,0,6,0,1,0,2,5,6.69,Jhon Sánchez,jhon-sanchez,99,975544,Emelec,emelec,Emelec,0,0,5255,#52b030,#52b030,#ffffff
2,0,0,0,0,0,0,3,0,6.68,Enson Rodriguez,enson-rodriguez,34,589580,Técnico Universitario,tecnico-universitario,Técnico Universitario,0,0,21941,#52b030,#52b030,#ffffff
23,0,6,28,1,0,0,71,3,6.68,Óscar Quiñónez,oscar-quinonez,8,1495929,Orense SC,orense-sc,Orense SC,0,0,277525,#52b030,#52b030,#ffffff
10,0,1,4,0,0,1,8,3,6.68,Henry Mercado,mercado-henry,1,1486740,Gualaceo SC,gualaceo-sc,Gualaceo SC,0,0,248196,#52b030,#52b030,#ffffff
7,0,0,3,0,0,0,1,2,6.68,Janus Vivar,janus-vivar,1,822722,Universidad Católica del Ecuador,universidad-catolica-del-ecuador,Universidad Católica del Ecuador,0,0,21942,#52b030,#52b030,#ffffff
4,0,0,0,0,0,0,1,1,6.68,Enzo Ariel Fernandez,fernandez-enzo-ariel,25,1092343,Mushuc Runa,mushuc-runa,Mushuc Runa,0,0,134976,#52b030,#52b030,#ffffff
25,0,3,6,0,0,0,19,6,6.68,Robinson Requene,robinson-requene,1,338949,Libertad,libertad,Libertad,0,0,394127,#52b030,#52b030,#ffffff
19,0,0,9,0,0,0,5,5,6.68,Maikel Valencia,maikel-valencia,1,1495658,Cumbayá FC,cumbaya-fc,Cumbayá FC,0,0,377757,#52b030,#52b030,#ffffff
3,0,0,0,0,0,0,1,2,6.68,Fidel Martínez,fidel-martinez,196,45794,Barcelona SC,barcelona-sc,Barcelona SC,0,0,5250,#52b030,#52b030,#ffffff
18,0,1,14,0,0,0,5,19,6.68,Bryan Tana,bryan-tana,3,886502,El Nacional,el-nacional,El Nacional,0,0,5254,#52b030,#52b030,#ffffff
0,0,0,1,0,0,0,2,1,6.68,Leonardo Villagra,villagra-leonardo,20,835655,Mushuc Runa,mushuc-runa,Mushuc Runa,0,0,134976,#52b030,#52b030,#ffffff
1,0,0,0,0,0,0,0,2,6.68,Diego Ávila,diego-avila,7,877434,Deportivo Cuenca,deportivo-cuenca,Deportivo Cuenca,0,0,5251,#52b030,#52b030,#ffffff
48,0,6,37,0,0,0,44,21,6.68,Rodrigo Melo,rodrigo-melo,4,971199,Deportivo Cuenca,deportivo-cuenca,Deportivo Cuenca,0,0,5251,#52b030,#52b030,#ffffff
54,1,2,17,0,2,0,51,10,6.68,Jhon Narvaez,jhon-narvaez,22,107596,Guayaquil City,guayaquil-city,Guayaquil City,0,0,188850,#52b030,#52b030,#ffffff
17,0,5,15,0,1,0,21,9,6.68,Charles Vélez,charles-velez,8,925611,Mushuc Runa,mushuc-runa,Mushuc Runa,0,0,134976,#52b030,#52b030,#ffffff
21,0,4,20,0,0,0,33,6,6.67,Roberto Garcés,roberto-garces,7,869783,Libertad,libertad,Libertad,0,0,394127,#52b030,#52b030,#ffffff
26,0,3,19,0,0,0,20,11,6.67,Orlin Quinonez,orlin-quinonez,3,922739,El Nacional,el-nacional,El Nacional,0,0,5254,#52b030,#52b030,#ffffff
32,0,6,26,0,0,0,39,10,6.67,Bryan Rivera,bryan-rivera,2,889119,Deportivo Cuenca,deportivo-cuenca,Deportivo Cuenca,0,0,5251,#52b030,#52b030,#ffffff
17,0,1,7,0,0,0,8,11,6.67,Stalin Morocho,morocho-stalin,2,1185461,Gualaceo SC,gualaceo-sc,Gualaceo SC,0,0,248196,#52b030,#52b030,#ffffff
19,0,5,14,0,0,0,21,10,6.67,Pedro Perlaza,pedro-perlaza,31,925480,Barcelona SC,barcelona-sc,Barcelona SC,0,0,5250,#52b030,#52b030,#ffffff
6,0,0,5,0,0,0,4,3,6.67,Ronald Briones,ronald-briones,6,1108522,Aucas,aucas,Aucas,0,0,5249,#52b030,#52b030,#ffffff
5,0,2,2,0,0,0,6,3,6.67,Dany Coronel,coronel-dany,4,1475219,Orense SC,orense-sc,Orense SC,0,0,277525,#52b030,#52b030,#ffffff
23,0,7,13,0,1,0,25,9,6.67,Carlos Cuero,carlos-cuero,14,826830,Aucas,aucas,Aucas,0,0,5249,#52b030,#52b030,#ffffff
0,0,0,0,0,0,0,2,0,6.67,Allen Obando,allen-obando,154,1394753,Barcelona SC,barcelona-sc,Barcelona SC,0,0,5250,#52b030,#52b030,#ffffff
0,0,0,0,0,0,0,0,0,6.67,Jairon Charcopa,jairon-charcopa,7,1116608,LDU,ldu,LDU,0,0,5257,#52b030,#52b030,#ffffff
29,0,5,15,0,1,0,35,10,6.67,Glendys Mina,glendys-mina,1,964878,Orense SC,orense-sc,Orense SC,0,0,277525,#52b030,#52b030,#ffffff
6,0,0,1,0,0,0,1,1,6.66,Jonathan Bauman,jonathan-bauman,86,894452,Barcelona SC,barcelona-sc,Barcelona SC,0,0,5250,#52b030,#52b030,#ffffff
18,0,1,3,0,0,0,2,18,6.65,Ronny Borja,ronny-borja,2,1525502,El Nacional,el-nacional,El Nacional,0,0,5254,#52b030,#52b030,#ffffff
39,0,2,22,0,0,0,21,12,6.65,Daniel Patino,daniel-patino,1,922095,El Nacional,el-nacional,El Nacional,0,0,5254,#52b030,#52b030,#ffffff
23,0,5,11,0,0,0,33,16,6.65,Luis Gustavino,luis-gustavino,3,1495656,Universidad Católica del Ecuador,universidad-catolica-del-ecuador,Universidad Católica del Ecuador,0,0,21942,#52b030,#52b030,#ffffff
7,0,3,21,0,2,1,76,7,6.65,Cristian Enciso,cristian-enciso,9,339929,Libertad,libertad,Libertad,0,0,394127,#52b030,#52b030,#ffffff
4,0,2,4,0,0,0,10,3,6.65,Rommel Cabezas,rommel-cabezas,1,1105297,El Nacional,el-nacional,El Nacional,0,0,5254,#52b030,#52b030,#ffffff
16,0,3,11,0,0,0,46,6,6.65,Juan Alvacete,juan-alvacete,1,340551,Libertad,libertad,Libertad,0,0,394127,#52b030,#52b030,#ffffff
15,0,3,23,0,0,1,18,9,6.65,Segundo Portocarrero,segundo-portocarrero,19,846486,Barcelona SC,barcelona-sc,Barcelona SC,0,0,5250,#52b030,#52b030,#ffffff
12,0,1,3,0,0,0,2,9,6.65,Patrik Mercado,patrik-mercado,49,1215084,Independiente del Valle,independiente-del-valle,Independiente del Valle,0,0,39723,#52b030,#52b030,#ffffff
9,0,0,5,0,0,0,12,4,6.65,Sergio Quintero,quintero-sergio,25,985111,Mushuc Runa,mushuc-runa,Mushuc Runa,0,0,134976,#52b030,#52b030,#ffffff
10,0,2,17,0,0,0,18,11,6.64,Milton Bolaños,milton-bolanos,1,1102459,Libertad,libertad,Libertad,0,0,394127,#52b030,#52b030,#ffffff
4,0,0,2,0,0,0,3,2,6.64,Gustavo Asprilla,gustavo-asprilla,4,868743,El Nacional,el-nacional,El Nacional,0,0,5254,#52b030,#52b030,#ffffff
20,0,2,3,0,1,0,16,5,6.64,Beder Caicedo,caicedo-beder,30,875822,Independiente del Valle,independiente-del-valle,Independiente del Valle,0,0,39723,#52b030,#52b030,#ffffff
28,0,5,15,0,2,0,27,8,6.64,Gregori Anangonó,gregori-anangono,5,931382,Universidad Católica del Ecuador,universidad-catolica-del-ecuador,Universidad Católica del Ecuador,0,0,21942,#52b030,#52b030,#ffffff
33,0,3,25,0,3,0,79,6,6.64,Yardely Rodriguez,rodriguez-yardely,1,1473215,Gualaceo SC,gualaceo-sc,Gualaceo SC,0,0,248196,#52b030,#52b030,#ffffff
7,0,0,3,0,0,0,28,3,6.64,Luis Romero,luis-romero,1,220437,Aucas,aucas,Aucas,0,0,5249,#52b030,#52b030,#ffffff
15,0,3,7,0,0,0,8,9,6.64,Carlos Villalba,carlos-villalba,39,975704,Emelec,emelec,Emelec,0,0,5255,#52b030,#52b030,#ffffff
12,0,5,21,0,0,1,72,8,6.64,Eddie Guevara,eddie-guevara,5,827127,Mushuc Runa,mushuc-runa,Mushuc Runa,0,0,134976,#52b030,#52b030,#ffffff
6,0,1,7,0,0,0,10,1,6.64,Bruno Piñatares,bruno-pinatares,48,842348,Barcelona SC,barcelona-sc,Barcelona SC,0,0,5250,#52b030,#52b030,#ffffff
4,0,0,3,0,0,0,4,7,6.63,Jostin Alman,jostin-alman,6,925478,Delfín,delfin,Delfín,0,0,213638,#52b030,#52b030,#ffffff
0,0,0,0,0,0,0,4,0,6.63,Federico Vietto,federico-vietto,15,822598,Guayaquil City,guayaquil-city,Guayaquil City,0,0,188850,#52b030,#52b030,#ffffff
7,0,0,6,0,0,0,1,5,6.63,Davis Camacho,camacho-davis,1,990816,Técnico Universitario,tecnico-universitario,Técnico Universitario,0,0,21941,#52b030,#52b030,#ffffff
30,1,4,20,0,1,0,28,20,6.63,Wiston Fernández,wiston-fernandez,17,931581,Guayaquil City,guayaquil-city,Guayaquil City,0,0,188850,#52b030,#52b030,#ffffff
0,0,0,1,0,0,0,0,0,6.63,Danny Luna,danny-luna,8,158417,LDU,ldu,LDU,0,0,5257,#52b030,#52b030,#ffffff
40,0,2,20,0,1,0,40,12,6.63,Edwin Mesa,mesa-edwin,1,1185465,Gualaceo SC,gualaceo-sc,Gualaceo SC,0,0,248196,#52b030,#52b030,#ffffff
9,0,1,2,0,0,0,2,4,6.63,Juan Diego Rojas Caicedo,juan-diego-rojas-caicedo,4,339997,Delfín,delfin,Delfín,0,0,213638,#52b030,#52b030,#ffffff
37,0,1,8,0,0,0,12,16,6.63,Jesús Preciado,jesus-preciado,5,843265,Gualaceo SC,gualaceo-sc,Gualaceo SC,0,0,248196,#52b030,#52b030,#ffffff
0,0,0,0,0,0,0,0,0,6.63,Luis Aldair Arroyo Cabeza,luis-aldair-arroyo-cabeza,1,1517846,Deportivo Cuenca,deportivo-cuenca,Deportivo Cuenca,0,0,5251,#52b030,#52b030,#ffffff
0,0,1,0,0,1,0,1,0,6.63,Kleber Pinargote Lara,kleber-pinargote-lara,23,1065598,Independiente del Valle,independiente-del-valle,Independiente del Valle,0,0,39723,#52b030,#52b030,#ffffff
12,0,1,5,0,1,0,18,2,6.62,Bleiner Agrón,bleiner-agron,25,1066910,Emelec,emelec,Emelec,0,0,5255,#52b030,#52b030,#ffffff
0,0,0,0,0,0,0,4,1,6.62,Óscar Villalba,oscar-villalba,3,1188874,Gualaceo SC,gualaceo-sc,Gualaceo SC,0,0,248196,#52b030,#52b030,#ffffff
29,1,3,16,0,1,0,5,10,6.62,Cristhian Valencia,cristhian-valencia,9,1105365,Emelec,emelec,Emelec,0,0,5255,#52b030,#52b030,#ffffff
14,0,1,10,0,1,0,12,9,6.62,Klebinho,klebinho,57,822507,Guayaquil City,guayaquil-city,Guayaquil City,0,0,188850,#52b030,#52b030,#ffffff
4,0,0,4,0,1,0,3,2,6.61,Esnaider Cabezas,esnaider-cabezas,5,1102458,Independiente del Valle,independiente-del-valle,Independiente del Valle,0,0,39723,#52b030,#52b030,#ffffff
23,0,3,19,0,1,0,6,13,6.61,José Carabalí,jose-carabali,17,1017480,Orense SC,orense-sc,Orense SC,0,0,277525,#52b030,#52b030,#ffffff
1,0,0,3,0,0,0,1,2,6.61,Walter Chalá,walter-chala,13,146608,LDU,ldu,LDU,0,0,5257,#52b030,#52b030,#ffffff
29,0,4,33,0,3,0,85,13,6.61,Andrés Micolta,andres-micolta,6,1466301,El Nacional,el-nacional,El Nacional,0,0,5254,#52b030,#52b030,#ffffff
38,1,5,30,0,1,0,56,19,6.61,Darwin Suarez,darwin-suarez,2,846827,Cumbayá FC,cumbaya-fc,Cumbayá FC,0,0,377757,#52b030,#52b030,#ffffff
3,0,0,1,0,0,0,5,1,6.61,Roberto Ordóñez,roberto-ordonez,20,874641,Aucas,aucas,Aucas,0,0,5249,#52b030,#52b030,#ffffff
2,0,0,0,0,0,0,0,0,6.6,Walberto Caicedo,walberto-caicedo,4,588594,Libertad,libertad,Libertad,0,0,394127,#52b030,#52b030,#ffffff
2,0,0,1,0,0,0,1,1,6.6,Franco Costa,franco-costa,7,558788,Delfín,delfin,Delfín,0,0,213638,#52b030,#52b030,#ffffff
0,0,0,0,0,0,0,0,0,6.6,Jose Klinger,klinger-jose,83,1201014,Independiente del Valle,independiente-del-valle,Independiente del Valle,0,0,39723,#52b030,#52b030,#ffffff
1,0,0,1,0,0,0,0,0,6.6,Michael Mieles,mieles-michael,1,1156172,Aucas,aucas,Aucas,0,0,5249,#52b030,#52b030,#ffffff
2,0,0,0,0,0,0,1,2,6.6,Mathías Solís,mathias-solis,2,1145374,Cumbayá FC,cumbaya-fc,Cumbayá FC,0,0,377757,#52b030,#52b030,#ffffff
0,0,0,0,0,0,0,0,2,6.6,Silvano Estacio,silvano-estacio,1,1002475,Guayaquil City,guayaquil-city,Guayaquil City,0,0,188850,#52b030,#52b030,#ffffff
1,0,0,0,0,0,0,0,0,6.6,Armando Calle,calle-armando,1,1185463,Gualaceo SC,gualaceo-sc,Gualaceo SC,0,0,248196,#52b030,#52b030,#ffffff
1,0,0,0,0,0,0,0,0,6.6,Ariel Fernando Alcivar,alcivar-ariel-fernando,0,1141759,Mushuc Runa,mushuc-runa,Mushuc Runa,0,0,134976,#52b030,#52b030,#ffffff
0,0,0,0,0,0,1,4,0,6.6,Adrián Bone,adrian-bone,5,146240,Técnico Universitario,tecnico-universitario,Técnico Universitario,0,0,21941,#52b030,#52b030,#ffffff
0,0,0,1,0,0,0,0,0,6.6,Piero Guzmán,piero-guzman,1,1483014,Aucas,aucas,Aucas,0,0,5249,#52b030,#52b030,#ffffff
3,0,1,1,0,0,0,3,2,6.59,Joffré Escobar,joffre-escobar,43,885539,Universidad Católica del Ecuador,universidad-catolica-del-ecuador,Universidad Católica del Ecuador,0,0,21942,#52b030,#52b030,#ffffff
4,0,0,0,0,0,0,1,0,6.59,Cristian Duma,cristian-duma,6,941509,Cumbayá FC,cumbaya-fc,Cumbayá FC,0,0,377757,#52b030,#52b030,#ffffff
9,0,1,18,0,1,0,14,5,6.59,Bryan Nazareno,nazareno-bryan,7,1466354,El Nacional,el-nacional,El Nacional,0,0,5254,#52b030,#52b030,#ffffff
1,0,0,1,0,0,0,1,0,6.59,Daniel Segura,segura-daniel,8,976958,Guayaquil City,guayaquil-city,Guayaquil City,0,0,188850,#52b030,#52b030,#ffffff
2,0,0,1,0,0,0,0,0,6.59,Jean Carrion,jean-carrion,2,1190333,Gualaceo SC,gualaceo-sc,Gualaceo SC,0,0,248196,#52b030,#52b030,#ffffff
4,0,0,1,0,0,0,3,4,6.58,Ignacio Valsagiácomo,ignacio-valsagiacomo,6,932881,Cumbayá FC,cumbaya-fc,Cumbayá FC,0,0,377757,#52b030,#52b030,#ffffff
1,0,0,0,0,0,0,0,1,6.58,Manuel Núñez,manuel-nunez,6,1128899,Gualaceo SC,gualaceo-sc,Gualaceo SC,0,0,248196,#52b030,#52b030,#ffffff
30,0,2,18,0,0,0,14,19,6.58,Juan Jimenez,juan-jimenez,11,922048,Técnico Universitario,tecnico-universitario,Técnico Universitario,0,0,21941,#52b030,#52b030,#ffffff
5,0,0,7,1,1,0,7,7,6.58,Richard Farias,farias-richard,2,1185458,Deportivo Cuenca,deportivo-cuenca,Deportivo Cuenca,0,0,5251,#52b030,#52b030,#ffffff
5,0,0,7,0,0,0,1,3,6.58,Ángel González,angel-gonzalez,40,773629,LDU,ldu,LDU,0,0,5257,#52b030,#52b030,#ffffff
0,0,0,1,0,0,0,2,0,6.58,Cristian Sención,cristian-sencion,15,877404,Gualaceo SC,gualaceo-sc,Gualaceo SC,0,0,248196,#52b030,#52b030,#ffffff
6,0,0,0,0,0,0,1,1,6.58,Eder Cetre,eder-cetre,2,1015248,El Nacional,el-nacional,El Nacional,0,0,5254,#52b030,#52b030,#ffffff
1,0,0,4,0,0,0,0,3,6.58,Sergio Vasquez,vasquez-sergio,6,1473448,Orense SC,orense-sc,Orense SC,0,0,277525,#52b030,#52b030,#ffffff
10,0,1,5,0,0,0,7,3,6.57,Renato César,renato-cesar,26,248023,Guayaquil City,guayaquil-city,Guayaquil City,0,0,188850,#52b030,#52b030,#ffffff
5,0,0,1,0,1,0,0,5,6.56,Jefferson Montero,jefferson-montero,156,54686,Aucas,aucas,Aucas,0,0,5249,#52b030,#52b030,#ffffff
14,0,3,11,0,1,0,40,8,6.56,William Vargas,vargas-william,4,928506,Guayaquil City,guayaquil-city,Guayaquil City,0,0,188850,#52b030,#52b030,#ffffff
3,0,0,2,0,0,0,2,2,6.56,Christian Cuero,christian-cuero,1,965039,Técnico Universitario,tecnico-universitario,Técnico Universitario,0,0,21941,#52b030,#52b030,#ffffff
4,0,0,0,0,0,0,1,0,6.56,Cristopher Zambrano,zambrano-cristopher,41,1116357,Aucas,aucas,Aucas,0,0,5249,#52b030,#52b030,#ffffff
18,0,3,9,0,1,0,16,8,6.55,Jose Luis Monaga Quinonez,jose-luis-monaga-quinonez,1,925620,Mushuc Runa,mushuc-runa,Mushuc Runa,0,0,134976,#52b030,#52b030,#ffffff
16,0,0,3,0,0,0,4,6,6.55,Arnaldo Valverde,arnaldo-valverde,1,964939,Libertad,libertad,Libertad,0,0,394127,#52b030,#52b030,#ffffff
12,0,1,10,0,1,0,21,7,6.55,Andy Burbano,andy-burbano,1,868745,Orense SC,orense-sc,Orense SC,0,0,277525,#52b030,#52b030,#ffffff
2,0,0,1,0,0,0,1,0,6.55,Joao Paredes,joao-paredes,1,921860,Técnico Universitario,tecnico-universitario,Técnico Universitario,0,0,21941,#52b030,#52b030,#ffffff
1,0,0,4,0,0,0,13,1,6.55,Jonnathan Bravo,jonnathan-bravo,1,881845,Libertad,libertad,Libertad,0,0,394127,#52b030,#52b030,#ffffff
2,0,0,1,0,0,0,4,2,6.55,Silvio Gutiérrez,silvio-gutierrez,6,877438,Deportivo Cuenca,deportivo-cuenca,Deportivo Cuenca,0,0,5251,#52b030,#52b030,#ffffff
22,0,2,13,0,1,0,21,4,6.55,Federico Arbeláez,federico-arbelaez,5,863327,Libertad,libertad,Libertad,0,0,394127,#52b030,#52b030,#ffffff
2,0,1,12,0,0,0,25,2,6.55,Marlon Mejía,marlon-mejia,5,155772,Guayaquil City,guayaquil-city,Guayaquil City,0,0,188850,#52b030,#52b030,#ffffff
24,0,1,23,0,1,0,14,17,6.55,Federico Jesus Flores,federico-jesus-flores,4,358502,Gualaceo SC,gualaceo-sc,Gualaceo SC,0,0,248196,#52b030,#52b030,#ffffff
7,0,0,2,0,0,0,0,3,6.54,Santiago Ramirez,santiago-ramirez,7,877597,Guayaquil City,guayaquil-city,Guayaquil City,0,0,188850,#52b030,#52b030,#ffffff
5,0,2,7,0,2,0,29,4,6.54,Roberto Luzárraga,roberto-luzarraga,5,877435,Técnico Universitario,tecnico-universitario,Técnico Universitario,0,0,21941,#52b030,#52b030,#ffffff
7,0,0,2,0,0,0,1,2,6.54,Luis Castro,luis-castro,2,1473028,Delfín,delfin,Delfín,0,0,213638,#52b030,#52b030,#ffffff
27,0,2,21,0,0,0,25,14,6.54,Byron Torrez,byron-torrez,1,1473534,Gualaceo SC,gualaceo-sc,Gualaceo SC,0,0,248196,#52b030,#52b030,#ffffff
7,0,1,2,0,0,0,1,4,6.53,Santiago Zamora,zamora-santiago,7,990271,Universidad Católica del Ecuador,universidad-catolica-del-ecuador,Universidad Católica del Ecuador,0,0,21942,#52b030,#52b030,#ffffff
8,0,0,2,0,0,0,1,4,6.53,Jefferson Arce,arce-jefferson,18,985108,Barcelona SC,barcelona-sc,Barcelona SC,0,0,5250,#52b030,#52b030,#ffffff
4,0,1,9,0,0,0,20,5,6.53,Jhonnier Estrada,estrada-jhonnier,0,1473447,Orense SC,orense-sc,Orense SC,0,0,277525,#52b030,#52b030,#ffffff
1,0,0,0,0,0,0,1,2,6.53,Federico Andrada,federico-andrada,30,330865,Universidad Católica del Ecuador,universidad-catolica-del-ecuador,Universidad Católica del Ecuador,0,0,21942,#52b030,#52b030,#ffffff
1,0,0,1,0,1,0,3,1,6.53,Edgar Lastre,edgar-lastre,13,1018573,Emelec,emelec,Emelec,0,0,5255,#52b030,#52b030,#ffffff
5,0,0,3,0,0,0,2,0,6.52,Brayan Angulo,brayan-angulo,233,588584,Emelec,emelec,Emelec,0,0,5255,#52b030,#52b030,#ffffff
10,0,3,11,0,0,0,30,2,6.52,Marlon Quiñónez,marlon-quinonez,3,1133763,Orense SC,orense-sc,Orense SC,0,0,277525,#52b030,#52b030,#ffffff
4,0,0,0,0,0,0,1,5,6.52,Denis Rodríguez,denis-rodriguez,15,798692,Cumbayá FC,cumbaya-fc,Cumbayá FC,0,0,377757,#52b030,#52b030,#ffffff
7,0,0,3,0,0,0,1,4,6.52,Ayrton Preciado,ayrton-preciado,164,343119,Guayaquil City,guayaquil-city,Guayaquil City,0,0,188850,#52b030,#52b030,#ffffff
9,0,3,8,0,1,0,32,6,6.52,Franklin Carabali,franklin-carabali,3,883162,Mushuc Runa,mushuc-runa,Mushuc Runa,0,0,134976,#52b030,#52b030,#ffffff
8,0,0,4,0,0,0,4,5,6.51,Melvin Diaz,diaz-melvin,4,1069637,Cumbayá FC,cumbaya-fc,Cumbayá FC,0,0,377757,#52b030,#52b030,#ffffff
9,0,0,4,0,0,0,1,3,6.51,Tomson Minda,tomson-minda,4,1018545,Gualaceo SC,gualaceo-sc,Gualaceo SC,0,0,248196,#52b030,#52b030,#ffffff
1,0,0,3,0,0,0,2,0,6.51,Stiven Plaza,stiven-plaza,152,938728,Guayaquil City,guayaquil-city,Guayaquil City,0,0,188850,#52b030,#52b030,#ffffff
5,0,0,6,0,0,0,22,3,6.51,Dubar Enríquez,dubar-enriquez,1,932248,Gualaceo SC,gualaceo-sc,Gualaceo SC,0,0,248196,#52b030,#52b030,#ffffff
12,0,3,12,0,2,0,21,10,6.51,Rody Zambrano,rody-zambrano,1,1117831,Mushuc Runa,mushuc-runa,Mushuc Runa,0,0,134976,#52b030,#52b030,#ffffff
0,0,0,0,0,0,0,0,0,6.5,Luis Arce,arce-luis,10,975708,Barcelona SC,barcelona-sc,Barcelona SC,0,0,5250,#52b030,#52b030,#ffffff
0,0,0,0,0,0,0,0,0,6.5,Emerson Espinoza,espinoza-emerson,8,1094577,Guayaquil City,guayaquil-city,Guayaquil City,0,0,188850,#52b030,#52b030,#ffffff
0,0,0,0,0,0,0,2,0,6.5,Erick Viveros,erick-viveros,1,873946,Cumbayá FC,cumbaya-fc,Cumbayá FC,0,0,377757,#52b030,#52b030,#ffffff
1,0,0,0,0,0,0,0,0,6.5,Jordán Mohor,jordan-mohor,0,1457531,Aucas,aucas,Aucas,0,0,5249,#52b030,#52b030,#ffffff
2,0,0,1,0,0,0,1,1,6.5,Gustavo Guerreño,gustavo-guerreno,12,988081,Mushuc Runa,mushuc-runa,Mushuc Runa,0,0,134976,#52b030,#52b030,#ffffff
1,0,0,0,0,0,0,0,1,6.5,Juan Perez,perez-juan,34,1470460,Emelec,emelec,Emelec,0,0,5255,#52b030,#52b030,#ffffff
2,0,0,0,0,0,0,2,2,6.5,Ronal Jimenez,jimenez-ronal,2,1473012,Cumbayá FC,cumbaya-fc,Cumbayá FC,0,0,377757,#52b030,#52b030,#ffffff
7,0,0,4,0,0,0,8,4,6.5,Carlos Medina,medina-carlos,1,1108473,Guayaquil City,guayaquil-city,Guayaquil City,0,0,188850,#52b030,#52b030,#ffffff
0,0,0,0,0,0,0,0,0,6.5,Jhon Acurio,acurio-jhon,27,1479183,Barcelona SC,barcelona-sc,Barcelona SC,0,0,5250,#52b030,#52b030,#ffffff
2,0,0,0,0,0,0,1,0,6.5,José Orlando Pérez,jose-orlando-perez,7,859701,Técnico Universitario,tecnico-universitario,Técnico Universitario,0,0,21941,#52b030,#52b030,#ffffff
1,0,0,0,0,0,0,1,1,6.5,Erick Zambrano,erick-zambrano,75,1517847,Orense SC,orense-sc,Orense SC,0,0,277525,#52b030,#52b030,#ffffff
1,0,0,0,0,0,0,1,1,6.5,Diego Espinosa,diego-espinosa,1,826814,Aucas,aucas,Aucas,0,0,5249,#52b030,#52b030,#ffffff
0,0,1,0,0,0,0,1,0,6.5,Adrián Gabbarini,adrian-gabbarini,32,37951,LDU,ldu,LDU,0,0,5257,#52b030,#52b030,#ffffff
1,0,0,1,0,0,0,1,0,6.5,Jipson Orovio,orovio-jipson,1,992009,El Nacional,el-nacional,El Nacional,0,0,5254,#52b030,#52b030,#ffffff
4,0,0,5,0,1,0,16,0,6.5,Moisés Corozo,moises-corozo,8,277363,Mushuc Runa,mushuc-runa,Mushuc Runa,0,0,134976,#52b030,#52b030,#ffffff
14,0,1,5,0,0,0,5,6,6.49,Dixon Vera,dixon-vera,11,1197424,Emelec,emelec,Emelec,0,0,5255,#52b030,#52b030,#ffffff
3,0,0,2,0,0,0,2,0,6.49,Agustín Dávila,agustin-davila,28,966841,Guayaquil City,guayaquil-city,Guayaquil City,0,0,188850,#52b030,#52b030,#ffffff
5,0,0,2,0,0,0,1,5,6.48,Jefferson Padilla,jefferson-padilla,1,1495635,Cumbayá FC,cumbaya-fc,Cumbayá FC,0,0,377757,#52b030,#52b030,#ffffff
2,0,0,0,0,0,0,2,3,6.48,Jordan Yepez,yepez-jordan,4,1185829,Universidad Católica del Ecuador,universidad-catolica-del-ecuador,Universidad Católica del Ecuador,0,0,21942,#52b030,#52b030,#ffffff
1,0,0,0,0,0,0,2,2,6.48,Ruyery Blanco,ruyery-blanco,18,974049,Delfín,delfin,Delfín,0,0,213638,#52b030,#52b030,#ffffff
7,0,0,3,0,0,0,4,8,6.48,Mejia Marcos,marcos-mejia,1,976964,Mushuc Runa,mushuc-runa,Mushuc Runa,0,0,134976,#52b030,#52b030,#ffffff
8,0,0,4,0,0,0,9,3,6.47,Junior Ayovi,junior-ayovi,2,1103512,Guayaquil City,guayaquil-city,Guayaquil City,0,0,188850,#52b030,#52b030,#ffffff
2,0,0,1,0,0,0,0,1,6.47,Yeison Nazareno,nazareno-yeison,1,1473005,Cumbayá FC,cumbaya-fc,Cumbayá FC,0,0,377757,#52b030,#52b030,#ffffff
20,0,5,19,0,0,0,28,9,6.47,Josué Cuero,josue-cuero,1,1142359,Delfín,delfin,Delfín,0,0,213638,#52b030,#52b030,#ffffff
18,0,0,2,0,0,0,6,12,6.46,Joel Alirio Almache Hidalgo,almache-hidalgo-joel-alirio,1,1390303,Cumbayá FC,cumbaya-fc,Cumbayá FC,0,0,377757,#52b030,#52b030,#ffffff
8,0,0,4,0,2,0,5,1,6.46,Christian Cruz,christian-cruz,21,844613,Emelec,emelec,Emelec,0,0,5255,#52b030,#52b030,#ffffff
0,0,0,0,0,0,0,0,0,6.45,Justin Cuero,cuero-justin,263,1201018,Independiente del Valle,independiente-del-valle,Independiente del Valle,0,0,39723,#52b030,#52b030,#ffffff
0,0,0,1,0,0,0,1,1,6.45,Jaime Ortiz,ortiz-jaime,3,976016,Cumbayá FC,cumbaya-fc,Cumbayá FC,0,0,377757,#52b030,#52b030,#ffffff
19,0,0,9,0,0,0,13,15,6.44,Pedro Larrea,pedro-larrea,3,793430,Libertad,libertad,Libertad,0,0,394127,#52b030,#52b030,#ffffff
0,0,0,2,0,0,0,1,4,6.44,Denilson Ovando,denilson-ovando,12,1017166,Gualaceo SC,gualaceo-sc,Gualaceo SC,0,0,248196,#52b030,#52b030,#ffffff
9,0,3,3,0,0,0,11,5,6.44,Luis Ayala,luis-ayala,10,339961,Técnico Universitario,tecnico-universitario,Técnico Universitario,0,0,21941,#52b030,#52b030,#ffffff
1,0,0,1,0,0,0,2,1,6.43,Diego Corozo,diego-corozo,1,311994,Aucas,aucas,Aucas,0,0,5249,#52b030,#52b030,#ffffff
0,0,1,0,0,0,0,1,0,6.42,Alexander Eras,alexander-eras,1,1495592,Gualaceo SC,gualaceo-sc,Gualaceo SC,0,0,248196,#52b030,#52b030,#ffffff
8,0,1,8,0,1,0,24,6,6.41,Jeremy Del Castillo,del-castillo-jeremy,1,1466376,El Nacional,el-nacional,El Nacional,0,0,5254,#52b030,#52b030,#ffffff
2,0,0,0,0,0,0,0,2,6.4,Jordan Morán,jordan-moran,36,1002519,Barcelona SC,barcelona-sc,Barcelona SC,0,0,5250,#52b030,#52b030,#ffffff
0,0,0,1,0,0,0,0,0,6.4,Gustavo Nnachi,gustavo-nnachi,10,1011433,Guayaquil City,guayaquil-city,Guayaquil City,0,0,188850,#52b030,#52b030,#ffffff
1,0,0,0,0,0,0,0,0,6.4,Oscar Jaramillo,oscar-jaramillo,0,920899,Mushuc Runa,mushuc-runa,Mushuc Runa,0,0,134976,#52b030,#52b030,#ffffff
0,0,0,0,0,0,0,0,0,6.4,Bryan Wittle,bryan-wittle,6,1197420,Emelec,emelec,Emelec,0,0,5255,#52b030,#52b030,#ffffff
0,0,0,0,0,0,0,0,1,6.4,Mayer Mendez,mendez-mayer,2,1459664,Deportivo Cuenca,deportivo-cuenca,Deportivo Cuenca,0,0,5251,#52b030,#52b030,#ffffff
0,0,0,0,0,0,0,2,1,6.4,William Ocles,william-ocles,1,921388,Mushuc Runa,mushuc-runa,Mushuc Runa,0,0,134976,#52b030,#52b030,#ffffff
2,0,1,2,0,0,0,9,1,6.38,Andres Garcia,garcia-andres,1,1020036,Libertad,libertad,Libertad,0,0,394127,#52b030,#52b030,#ffffff
8,0,1,12,0,0,0,10,6,6.36,Henry Quinonez,henry-quinonez,1,873888,Gualaceo SC,gualaceo-sc,Gualaceo SC,0,0,248196,#52b030,#52b030,#ffffff
0,0,0,0,0,0,0,0,0,6.35,Marcos Caicedo,marcos-caicedo,13,52070,Emelec,emelec,Emelec,0,0,5255,#52b030,#52b030,#ffffff
0,0,0,0,0,0,0,0,0,6.35,Kevin Rivera,rivera-kevin,3,1094962,Libertad,libertad,Libertad,0,0,394127,#52b030,#52b030,#ffffff
2,0,0,0,0,0,0,4,2,6.35,Facundo Queiroz,queiroz-facundo,7,981590,Orense SC,orense-sc,Orense SC,0,0,277525,#52b030,#52b030,#ffffff
3,0,0,0,0,0,0,1,5,6.34,Jonathan Robledo,robledo-jonathan,1,1473011,Cumbayá FC,cumbaya-fc,Cumbayá FC,0,0,377757,#52b030,#52b030,#ffffff
6,0,0,1,0,0,0,6,9,6.34,Kevin Sambonino,sambonino-kevin,1,928507,Guayaquil City,guayaquil-city,Guayaquil City,0,0,188850,#52b030,#52b030,#ffffff
4,0,0,0,0,0,0,0,1,6.33,Yerlin Quinonez,quinonez-yerlin,1,1416329,Deportivo Cuenca,deportivo-cuenca,Deportivo Cuenca,0,0,5251,#52b030,#52b030,#ffffff
0,0,1,0,0,0,0,7,0,6.32,Humberto Acevedo,humberto-acevedo,18,873463,Libertad,libertad,Libertad,0,0,394127,#52b030,#52b030,#ffffff
7,0,0,8,0,0,0,9,3,6.32,Matias Ferreira,ferreira-matias,10,1121486,Delfín,delfin,Delfín,0,0,213638,#52b030,#52b030,#ffffff
0,0,0,0,0,0,0,0,0,6.3,Isaac Sanchez,sanchez-isaac,21,1482441,Universidad Católica del Ecuador,universidad-catolica-del-ecuador,Universidad Católica del Ecuador,0,0,21942,#52b030,#52b030,#ffffff
0,0,0,0,0,0,0,0,0,6.3,Kevin Peralta,kevin-peralta,1,869788,El Nacional,el-nacional,El Nacional,0,0,5254,#52b030,#52b030,#ffffff
1,0,0,0,0,0,0,0,1,6.3,Darwin Nazareno,nazareno-darwin,1,1185827,Universidad Católica del Ecuador,universidad-catolica-del-ecuador,Universidad Católica del Ecuador,0,0,21942,#52b030,#52b030,#ffffff
1,0,0,0,0,1,0,0,0,6.3,Luis Felipe Fernandez-Salvador,luis-felipe-fernandez-salvador,4,1172588,Deportivo Cuenca,deportivo-cuenca,Deportivo Cuenca,0,0,5251,#52b030,#52b030,#ffffff
1,0,0,2,0,0,0,7,0,6.27,José Luis Quiñones,jose-luis-quinones,0,1479175,Mushuc Runa,mushuc-runa,Mushuc Runa,0,0,134976,#52b030,#52b030,#ffffff
0,0,1,0,0,1,0,4,0,6.27,Darwin Cuero,darwin-cuero,2,155766,Universidad Católica del Ecuador,universidad-catolica-del-ecuador,Universidad Católica del Ecuador,0,0,21942,#52b030,#52b030,#ffffff
0,0,0,0,0,0,0,0,0,6.25,Juan Martin Rojas,rojas-juan-martin,6,1092606,Delfín,delfin,Delfín,0,0,213638,#52b030,#52b030,#ffffff
0,0,0,0,0,0,0,1,0,6.25,Eduardo Bores,bores-eduardo,5,1466876,Deportivo Cuenca,deportivo-cuenca,Deportivo Cuenca,0,0,5251,#52b030,#52b030,#ffffff
2,0,0,1,0,0,0,5,4,6.2,Jefferson Quinonez,jefferson-quinonez,0,964884,Libertad,libertad,Libertad,0,0,394127,#52b030,#52b030,#ffffff
1,0,0,1,0,0,0,2,2,6.2,Byron Carabalí,byron-carabali,1,1464255,Aucas,aucas,Aucas,0,0,5249,#52b030,#52b030,#ffffff
2,0,0,6,0,2,0,14,1,6.16,Jeison Mina,jeison-mina,10,1201400,Barcelona SC,barcelona-sc,Barcelona SC,0,0,5250,#52b030,#52b030,#ffffff
4,0,0,1,0,0,0,3,3,6.15,Marcelo Mantilla,mantilla-marcelo,2,1485141,Cumbayá FC,cumbaya-fc,Cumbayá FC,0,0,377757,#52b030,#52b030,#ffffff
1,0,0,2,0,0,0,0,2,6.13,Lenin Chininin,lenin-chininin,3,1473216,Libertad,libertad,Libertad,0,0,394127,#52b030,#52b030,#ffffff
0,0,0,0,0,0,0,0,0,6.1,Jose Cevallos,jose-cevallos,1,822715,Guayaquil City,guayaquil-city,Guayaquil City,0,0,188850,#52b030,#52b030,#ffffff
4,0,0,3,0,0,0,2,0,6.05,Luis Cordova,cordova-luis,13,1396217,Deportivo Cuenca,deportivo-cuenca,Deportivo Cuenca,0,0,5251,#52b030,#52b030,#ffffff
2,0,0,0,0,2,0,5,0,6.03,Yuber Mosquera,yuber-mosquera,13,126094,Universidad Católica del Ecuador,universidad-catolica-del-ecuador,Universidad Católica del Ecuador,0,0,21942,#52b030,#52b030,#ffffff
2,0,0,3,0,1,0,2,1,6.0,Jeison Alfonso Dominguez,jeison-alfonso-dominguez,1,590094,Delfín,delfin,Delfín,0,0,213638,#52b030,#52b030,#ffffff
2,1,0,7,0,1,0,23,1,6.0,Anderson Ordóñez,anderson-ordonez,11,246967,Universidad Católica del Ecuador,universidad-catolica-del-ecuador,Universidad Católica del Ecuador,0,0,21942,#52b030,#52b030,#ffffff
0,0,0,0,0,0,0,1,0,5.5,Efrain Garcia,efrain-garcia,3,1185493,Delfín,delfin,Delfín,0,0,213638,#52b030,#52b030,#ffffff
0,0,0,0,0,0,0,0,0,0.0,Gabriel Marques,gabriel-marques,16,126614,Guayaquil City,guayaquil-city,Guayaquil City,0,0,188850,#52b030,#52b030,#ffffff
0,0,0,0,0,0,0,0,0,0.0,Gonzalo Valenzuela,gonzalo-valenzuela,2,981344,Libertad,libertad,Libertad,0,0,394127,#52b030,#52b030,#ffffff
0,0,0,0,0,0,0,0,0,0.0,Anthony Alvarez,alvarez-anthony,0,1473021,Delfín,delfin,Delfín,0,0,213638,#52b030,#52b030,#ffffff
0,0,0,0,0,0,0,0,0,0.0,Gilmar Napa,gilmar-napa,49,1002442,Emelec,emelec,Emelec,0,0,5255,#52b030,#52b030,#ffffff
0,0,0,0,0,0,0,0,0,0.0,Lenin Alex Usca,usca-lenin-alex,1,1103934,Orense SC,orense-sc,Orense SC,0,0,277525,#52b030,#52b030,#ffffff
0,0,0,0,0,0,0,0,0,0.0,David Ortiz,ortiz-david,1,1156400,Cumbayá FC,cumbaya-fc,Cumbayá FC,0,0,377757,#52b030,#52b030,#ffffff
0,0,0,0,0,0,0,0,0,0.0,Luis Moreno,moreno-luis,1,1518765,Universidad Católica del Ecuador,universidad-catolica-del-ecuador,Universidad Católica del Ecuador,0,0,21942,#52b030,#52b030,#ffffff
