bigChancesCreated,totalPasses,accurateFinalThirdPasses,accurateLongBalls,assists,accuratePassesPercentage,keyPasses,accurateLongBallsPercentage,accuratePasses,accurateOwnHalfPasses,accurateCrosses,passToAssist,inaccuratePasses,accurateOppositionHalfPasses,accurateCrossesPercentage,rating,player.name,player.slug,player.userCount,player.id,team.name,team.slug,team.shortName,team.userCount,team.type,team.id,team.teamColors.primary,team.teamColors.secondary,team.teamColors.text
0,38,1,5,0,57.89,0,26.32,22,21,0,0,16,1,0.0,8.6,Gustavo Salvatierra,gustavo-salvatierra,1,890061,Nacional Potosí,nacional-potosi,Nacional Potosí,0,0,47700,#52b030,#52b030,#ffffff
5,307,131,12,7,78.18,24,57.14,240,52,7,0,67,195,33.33,7.73,Bruno Sávio,bruno-savio,878,840066,Bolívar,bolivar,Bolívar,0,0,7059,#52b030,#52b030,#ffffff
0,2,1,0,0,50.0,0,0.0,1,0,0,0,1,1,0.0,7.5,Roler Ferrufino,roler-ferrufino,0,989584,Always Ready,always-ready,Always Ready,0,0,268083,#52b030,#52b030,#ffffff
0,36,1,9,0,72.22,0,50.0,26,22,0,0,10,4,0.0,7.5,Daniel Sandy,daniel-sandy,4,989573,FC Libertad Gran Mamoré,fc-libertad-gran-mamore,FC Libertad Gran Mamoré,0,0,423192,#52b030,#52b030,#ffffff
5,606,184,53,4,68.32,59,50.0,414,130,33,0,192,317,29.46,7.46,Rafael Allan Mollercke,mollercke-rafael-allan,31,1476548,Blooming,blooming,Blooming,0,0,6968,#52b030,#52b030,#ffffff
0,11,2,4,0,72.73,0,57.14,8,4,0,0,3,4,0.0,7.4,Lucas Salinas,lucas-salinas,0,1184211,Jorge Wilstermann,jorge-wilstermann,Jorge Wilstermann,0,0,7878,#52b030,#52b030,#ffffff
3,677,281,56,0,80.35,42,62.92,544,130,25,0,133,439,32.89,7.38,Matías Pisano,matias-pisano,37,579384,Palmaflor del Trópico,palmaflor-del-tropico,Palmaflor del Trópico,0,0,321264,#52b030,#52b030,#ffffff
1,347,114,12,2,75.79,25,54.55,263,76,1,0,84,188,10.0,7.37,Dorny Romero,dorny-romero,149,1099312,Always Ready,always-ready,Always Ready,0,0,268083,#52b030,#52b030,#ffffff
5,477,148,20,5,81.13,20,55.56,387,123,8,0,90,272,30.77,7.33,Martín Prost,martin-prost,78,897007,Nacional Potosí,nacional-potosi,Nacional Potosí,0,0,47700,#52b030,#52b030,#ffffff
2,169,37,11,0,73.96,10,64.71,125,44,4,0,44,85,26.67,7.3,Roy Ndoutoumo,ndoutoumo-roy,19,1184178,FC Universitario de Vinto,fc-universitario-de-vinto,FC Universitario de Vinto,0,0,268082,#52b030,#52b030,#ffffff
5,1259,298,123,2,81.57,59,63.4,1027,454,40,0,232,613,42.11,7.29,Raúl Castro,raul-castro,4,386274,FC Universitario de Vinto,fc-universitario-de-vinto,FC Universitario de Vinto,0,0,268082,#52b030,#52b030,#ffffff
1,542,189,9,4,76.2,27,64.29,413,83,2,0,129,332,12.5,7.29,Enrique Triverio,enrique-triverio,192,340419,The Strongest,the-strongest,The Strongest,0,0,32529,#52b030,#52b030,#ffffff
0,138,11,33,0,65.22,1,40.74,90,69,0,0,48,21,0.0,7.28,Carlos Mosquera,carlos-mosquera,18,894214,Always Ready,always-ready,Always Ready,0,0,268083,#52b030,#52b030,#ffffff
15,657,270,29,12,71.99,63,61.7,473,68,55,0,184,460,26.07,7.28,Maximiliano Ezequiel Nunez,nunez-maximiliano-ezequiel,14,38406,Nacional Potosí,nacional-potosi,Nacional Potosí,0,0,47700,#52b030,#52b030,#ffffff
6,215,73,21,2,66.05,25,42.0,142,34,24,0,73,132,24.74,7.26,Hugo Dorrego,hugo-dorrego,29,311400,Oriente Petrolero,oriente-petrolero,Oriente Petrolero,0,0,33820,#52b030,#52b030,#ffffff
5,430,139,10,5,65.12,24,33.33,280,72,5,0,150,213,20.0,7.25,Ronnie Fernández,ronnie-fernandez,316,805150,Bolívar,bolivar,Bolívar,0,0,7059,#52b030,#52b030,#ffffff
6,1091,285,155,3,79.19,64,62.75,864,315,39,0,227,588,33.05,7.25,Julio Herrera,julio-herrera,13,931426,Always Ready,always-ready,Always Ready,0,0,268083,#52b030,#52b030,#ffffff
6,826,287,74,4,81.6,51,70.48,674,169,23,0,152,528,26.74,7.24,Saulo Guerra,saulo-guerra,5,868702,Nacional Potosí,nacional-potosi,Nacional Potosí,0,0,47700,#52b030,#52b030,#ffffff
1,698,280,54,5,81.23,56,59.34,567,130,29,1,131,466,26.85,7.23,Ramiro Vaca,ramiro-vaca,173,876307,Bolívar,bolivar,Bolívar,0,0,7059,#52b030,#52b030,#ffffff
10,880,335,51,5,79.77,79,63.75,702,148,37,0,178,591,36.27,7.22,Michael Ortega,michael-ortega,71,72872,The Strongest,the-strongest,The Strongest,0,0,32529,#52b030,#52b030,#ffffff
6,632,239,13,3,78.96,38,56.52,499,126,4,0,133,377,33.33,7.21,Tommy Tobar,tommy-tobar,38,815461,Nacional Potosí,nacional-potosi,Nacional Potosí,0,0,47700,#52b030,#52b030,#ffffff
0,543,185,37,1,72.93,29,43.02,396,96,31,0,147,331,26.27,7.21,Esteban Orfano,esteban-orfano,6,223728,Royal Pari Sion,royal-pari-sion,Royal Pari Sion,0,0,273544,#52b030,#52b030,#ffffff
13,821,288,26,13,72.23,67,52.0,593,146,32,0,228,479,29.09,7.19,Joel Amoroso,joel-amoroso,12,789878,Royal Pari Sion,royal-pari-sion,Royal Pari Sion,0,0,273544,#52b030,#52b030,#ffffff
1,837,41,72,1,80.17,4,47.68,671,489,2,0,166,184,66.67,7.18,Julián Velázquez,julian-velazquez,15,122667,Jorge Wilstermann,jorge-wilstermann,Jorge Wilstermann,0,0,7878,#52b030,#52b030,#ffffff
6,815,318,20,5,76.2,55,38.46,621,129,31,0,194,523,21.99,7.18,Thomaz,thomaz,37,846524,Independiente Petrolero,independiente-petrolero,Independiente Petrolero,0,0,372975,#52b030,#52b030,#ffffff
0,543,32,147,0,56.91,1,38.89,309,203,0,0,234,106,0.0,7.17,Arnaldo Giménez,arnaldo-gimenez,16,870493,Jorge Wilstermann,jorge-wilstermann,Jorge Wilstermann,0,0,7878,#52b030,#52b030,#ffffff
5,1439,313,103,4,80.68,68,58.52,1161,468,40,0,278,733,38.46,7.17,José Vargas,jose-vargas,4,1468327,Palmaflor del Trópico,palmaflor-del-tropico,Palmaflor del Trópico,0,0,321264,#52b030,#52b030,#ffffff
4,380,130,3,2,77.37,23,30.0,294,94,2,0,86,202,18.18,7.15,Jair Reinoso,jair-reinoso,62,839459,Club Aurora,club-aurora,Club Aurora,0,0,33714,#52b030,#52b030,#ffffff
8,999,294,41,7,79.28,73,45.56,792,253,54,0,207,593,30.86,7.15,Diego Cuadros,diego-cuadros,14,819655,Club Vaca Díez,club-vaca-diez,Club Vaca Díez,0,0,327910,#52b030,#52b030,#ffffff
2,872,244,80,4,82.22,60,66.12,717,223,13,0,155,507,21.67,7.15,Adalid Terrazas,adalid-terrazas,12,1000182,Always Ready,always-ready,Always Ready,0,0,268083,#52b030,#52b030,#ffffff
1,117,41,2,1,72.65,6,50.0,85,19,3,0,32,69,75.0,7.15,Francisco Da Costa,francisco-da-costa,149,866847,Bolívar,bolivar,Bolívar,0,0,7059,#52b030,#52b030,#ffffff
0,780,96,132,0,70.9,9,48.0,553,345,1,0,227,209,20.0,7.15,Leandro Corulo,leandro-corulo,4,340857,CD Real Tomayapo,cd-real-tomayapo,CD Real Tomayapo,0,0,335685,#52b030,#52b030,#ffffff
6,411,122,15,4,79.32,26,51.72,326,96,23,0,85,253,35.38,7.15,Jeyson Chura,jeyson-chura,64,1017472,The Strongest,the-strongest,The Strongest,0,0,32529,#52b030,#52b030,#ffffff
2,372,87,25,1,87.1,18,80.65,324,96,7,0,48,235,21.21,7.15,Leonel López,leonel-lopez,69,590260,The Strongest,the-strongest,The Strongest,0,0,32529,#52b030,#52b030,#ffffff
1,531,30,147,0,64.41,3,44.28,342,254,0,0,189,88,0.0,7.14,Raúl Olivares,raul-olivares,33,34430,FC Universitario de Vinto,fc-universitario-de-vinto,FC Universitario de Vinto,0,0,268082,#52b030,#52b030,#ffffff
5,362,127,18,5,65.47,30,51.43,237,59,5,0,125,183,11.9,7.14,Edarlyn Reyes,edarlyn-reyes,46,1099313,Always Ready,always-ready,Always Ready,0,0,268083,#52b030,#52b030,#ffffff
0,311,23,58,0,63.99,1,49.57,199,118,0,0,112,81,0.0,7.13,Sebastián Ibars,sebastian-ibars,1,944708,Independiente Petrolero,independiente-petrolero,Independiente Petrolero,0,0,372975,#52b030,#52b030,#ffffff
3,481,180,25,6,69.65,47,39.68,335,89,42,0,146,288,35.9,7.13,Serginho,serginho,17,866405,Club Aurora,club-aurora,Club Aurora,0,0,33714,#52b030,#52b030,#ffffff
2,244,64,29,0,71.72,18,55.77,175,67,13,0,69,121,41.94,7.13,Rodrigo Amaral,rodrigo-amaral,107,796451,Jorge Wilstermann,jorge-wilstermann,Jorge Wilstermann,0,0,7878,#52b030,#52b030,#ffffff
9,323,95,12,3,67.18,26,40.0,217,74,3,0,106,146,15.0,7.07,Gastón Rodríguez,gaston-rodriguez,65,340125,Blooming,blooming,Blooming,0,0,6968,#52b030,#52b030,#ffffff
2,460,150,42,3,81.3,38,71.19,374,102,21,0,86,293,43.75,7.06,José Martínez,jose-martinez,12,1017482,Always Ready,always-ready,Always Ready,0,0,268083,#52b030,#52b030,#ffffff
0,456,36,123,0,60.53,0,41.41,276,182,0,0,180,94,0.0,7.06,Diego Méndez,diego-mendez,1,975065,Royal Pari Sion,royal-pari-sion,Royal Pari Sion,0,0,273544,#52b030,#52b030,#ffffff
4,624,181,40,4,77.08,35,62.5,481,165,13,0,143,329,35.14,7.06,Samuel Galindo,samuel-galindo,4,130098,CD Real Tomayapo,cd-real-tomayapo,CD Real Tomayapo,0,0,335685,#52b030,#52b030,#ffffff
6,309,102,16,2,66.02,26,69.57,204,56,5,0,105,153,15.63,7.06,Jonathan Canete,jonathan-canete,5,358932,Palmaflor del Trópico,palmaflor-del-tropico,Palmaflor del Trópico,0,0,321264,#52b030,#52b030,#ffffff
6,460,153,21,5,78.26,26,51.22,360,109,7,0,100,258,14.58,7.05,Roberto Fernández,roberto-fernandez,103,986778,Bolívar,bolivar,Bolívar,0,0,7059,#52b030,#52b030,#ffffff
5,626,141,45,1,73.64,31,51.72,461,216,31,0,165,276,24.6,7.05,Matias Noble,matias-noble,14,815133,CD Real Tomayapo,cd-real-tomayapo,CD Real Tomayapo,0,0,335685,#52b030,#52b030,#ffffff
0,38,0,10,0,76.32,0,52.63,29,26,0,0,9,3,0.0,7.05,Fabián Pereira,fabian-pereira,2,1503689,Always Ready,always-ready,Always Ready,0,0,268083,#52b030,#52b030,#ffffff
1,164,36,4,2,64.63,11,57.14,106,41,0,0,58,65,0.0,7.03,Ariel Nahuelpán,ariel-nahuelpan,75,77558,Jorge Wilstermann,jorge-wilstermann,Jorge Wilstermann,0,0,7878,#52b030,#52b030,#ffffff
6,757,237,59,5,76.35,49,56.73,578,179,34,0,179,433,34.69,7.03,Rodrigo Ramallo,rodrigo-ramallo,16,163161,Club Aurora,club-aurora,Club Aurora,0,0,33714,#52b030,#52b030,#ffffff
2,778,90,123,1,62.98,7,39.94,490,279,2,0,288,213,100.0,7.02,César García,cesar-garcia,9,1184158,Oriente Petrolero,oriente-petrolero,Oriente Petrolero,0,0,33820,#52b030,#52b030,#ffffff
3,897,219,82,4,87.4,27,78.85,784,307,4,0,113,481,20.0,7.02,Leonel Justiniano,leonel-justiniano,31,220991,Bolívar,bolivar,Bolívar,0,0,7059,#52b030,#52b030,#ffffff
2,352,93,12,1,63.07,25,44.44,222,80,6,0,130,148,21.43,7.02,Miguel Mendoza,miguel-mendoza,3,1495665,FC Libertad Gran Mamoré,fc-libertad-gran-mamore,FC Libertad Gran Mamoré,0,0,423192,#52b030,#52b030,#ffffff
4,1079,183,66,3,78.96,31,50.38,852,403,7,0,227,456,15.91,7.02,Héctor Cuellar,hector-cuellar,15,1495631,Always Ready,always-ready,Always Ready,0,0,268083,#52b030,#52b030,#ffffff
3,172,65,6,3,84.3,20,85.71,145,49,17,0,27,113,29.31,7.02,Pablo Hervías,pablo-hervias,41,116952,Bolívar,bolivar,Bolívar,0,0,7059,#52b030,#52b030,#ffffff
6,635,186,52,5,76.85,38,57.78,488,151,22,0,147,359,27.5,7.01,Cristian Alvarez,cristian-alvarez,21,250235,Oriente Petrolero,oriente-petrolero,Oriente Petrolero,0,0,33820,#52b030,#52b030,#ffffff
0,1236,71,111,0,83.5,7,56.06,1032,737,0,0,204,295,0.0,7.01,Julio Vila,julio-vila,1,1184221,FC Universitario de Vinto,fc-universitario-de-vinto,FC Universitario de Vinto,0,0,268082,#52b030,#52b030,#ffffff
5,406,178,21,5,75.62,29,61.76,307,50,13,0,99,270,30.95,7.0,Patricio Rodríguez,patricio-rodriguez,83,37952,Bolívar,bolivar,Bolívar,0,0,7059,#52b030,#52b030,#ffffff
0,13,0,0,0,69.23,0,0.0,9,4,0,0,4,5,0.0,7.0,Rodrigo Orihuela,rodrigo-orihuela,1,1017445,FC Libertad Gran Mamoré,fc-libertad-gran-mamore,FC Libertad Gran Mamoré,0,0,423192,#52b030,#52b030,#ffffff
0,11,2,4,0,54.55,0,44.44,6,2,0,0,5,4,0.0,7.0,Sebastián Angulo,sebastian-angulo,5,1184187,CD Real Tomayapo,cd-real-tomayapo,CD Real Tomayapo,0,0,335685,#52b030,#52b030,#ffffff
0,81,14,17,0,90.12,0,85.0,73,36,0,0,8,37,0.0,7.0,José Herrera,jose-herrera,9,1017481,Bolívar,bolivar,Bolívar,0,0,7059,#52b030,#52b030,#ffffff
5,789,195,53,4,83.65,38,58.24,660,274,23,1,129,409,25.27,7.0,Rudy Cardozo,rudy-cardozo,8,64982,Jorge Wilstermann,jorge-wilstermann,Jorge Wilstermann,0,0,7878,#52b030,#52b030,#ffffff
1,356,123,16,1,80.34,22,69.57,286,62,2,0,70,226,10.53,7.0,Gabriel Sotomayor,gabriel-sotomayor,11,974103,The Strongest,the-strongest,The Strongest,0,0,32529,#52b030,#52b030,#ffffff
0,696,53,166,0,52.59,0,33.81,366,234,0,0,330,132,0.0,6.99,Wilson Quiñónez,wilson-quinonez,44,1184161,Oriente Petrolero,oriente-petrolero,Oriente Petrolero,0,0,33820,#52b030,#52b030,#ffffff
0,849,50,232,0,63.72,0,43.53,541,387,0,0,308,154,0.0,6.98,Pedro Galindo,pedro-galindo,1,877531,CD Real Tomayapo,cd-real-tomayapo,CD Real Tomayapo,0,0,335685,#52b030,#52b030,#ffffff
3,1043,310,88,3,73.44,46,50.29,766,267,28,0,277,527,28.57,6.98,Jair Torrico,jair-torrico,2,163181,Club Aurora,club-aurora,Club Aurora,0,0,33714,#52b030,#52b030,#ffffff
1,431,129,27,3,80.05,23,52.94,345,107,13,0,86,251,30.23,6.98,Carlos Melgar,carlos-melgar,8,877535,Royal Pari Sion,royal-pari-sion,Royal Pari Sion,0,0,273544,#52b030,#52b030,#ffffff
0,351,115,38,1,72.93,17,60.32,256,69,11,0,95,198,40.74,6.98,Martín Alaníz,martin-alaniz,17,339123,Guabirá,guabira,Guabirá,0,0,47701,#52b030,#52b030,#ffffff
4,923,240,55,3,83.75,24,59.78,773,291,4,0,150,486,16.0,6.97,Luciano Ursino,luciano-ursino,40,589582,The Strongest,the-strongest,The Strongest,0,0,32529,#52b030,#52b030,#ffffff
0,285,9,57,0,70.53,1,41.01,201,175,0,0,84,26,0.0,6.97,Gustavo Almada,gustavo-almada,2,1418344,FC Universitario de Vinto,fc-universitario-de-vinto,FC Universitario de Vinto,0,0,268082,#52b030,#52b030,#ffffff
2,672,114,123,2,77.68,11,60.29,522,290,1,0,150,233,25.0,6.96,David Robles,david-robles,11,893078,Always Ready,always-ready,Always Ready,0,0,268083,#52b030,#52b030,#ffffff
3,300,86,10,2,71.67,26,40.0,215,64,15,0,85,166,33.33,6.96,Luis Maki Salces,luis-maki-salces,3,897151,FC Libertad Gran Mamoré,fc-libertad-gran-mamore,FC Libertad Gran Mamoré,0,0,423192,#52b030,#52b030,#ffffff
1,140,33,8,0,77.86,4,50.0,109,46,5,0,31,68,27.78,6.96,Jorge Correa,jorge-correa,26,175097,Oriente Petrolero,oriente-petrolero,Oriente Petrolero,0,0,33820,#52b030,#52b030,#ffffff
0,74,20,4,1,86.49,4,80.0,64,27,2,0,10,39,50.0,6.95,Oscar Vaca,oscar-vaca,1,886913,Club Aurora,club-aurora,Club Aurora,0,0,33714,#52b030,#52b030,#ffffff
2,256,72,10,0,71.88,8,66.67,184,63,3,0,72,124,30.0,6.94,Gilbert Álvarez,gilbert-alvarez,15,805363,Palmaflor del Trópico,palmaflor-del-tropico,Palmaflor del Trópico,0,0,321264,#52b030,#52b030,#ffffff
3,366,132,13,2,75.41,35,61.9,276,64,6,0,90,218,18.75,6.94,Jairo Hestefano Jean,hestefano-jean-jairo,316,1156453,Always Ready,always-ready,Always Ready,0,0,268083,#52b030,#52b030,#ffffff
0,127,5,33,0,65.35,0,44.0,83,58,0,0,44,25,0.0,6.93,Luis Banegas,luis-banegas,4,873729,The Strongest,the-strongest,The Strongest,0,0,32529,#52b030,#52b030,#ffffff
0,654,102,47,0,83.49,1,57.32,546,288,0,0,108,258,0.0,6.93,Luis Torrico,luis-torrico,2,12435,Nacional Potosí,nacional-potosi,Nacional Potosí,0,0,47700,#52b030,#52b030,#ffffff
3,883,165,67,2,81.54,22,60.36,720,378,8,0,163,350,40.0,6.93,Pedro Azogue,pedro-azogue,1,247125,CD Real Tomayapo,cd-real-tomayapo,CD Real Tomayapo,0,0,335685,#52b030,#52b030,#ffffff
1,710,107,61,4,74.65,23,43.88,530,278,7,0,180,259,23.33,6.93,Robson dos Santos,robson-dos-santos,1,1102032,Jorge Wilstermann,jorge-wilstermann,Jorge Wilstermann,0,0,7878,#52b030,#52b030,#ffffff
0,523,21,117,0,69.02,1,42.7,361,299,0,0,162,62,0.0,6.93,Guillermo Viscarra,guillermo-viscarra,83,331437,The Strongest,the-strongest,The Strongest,0,0,32529,#52b030,#52b030,#ffffff
2,1197,129,120,1,81.7,10,48.39,978,628,3,0,219,353,42.86,6.93,Joaquín Lencinas,joaquin-lencinas,8,345747,FC Universitario de Vinto,fc-universitario-de-vinto,FC Universitario de Vinto,0,0,268082,#52b030,#52b030,#ffffff
0,121,4,29,0,74.38,0,48.33,90,80,0,0,31,10,0.0,6.93,Rubén Cordano Justiniano,ruben-cordano-justiniano,18,846777,Bolívar,bolivar,Bolívar,0,0,7059,#52b030,#52b030,#ffffff
0,260,27,79,0,65.38,0,46.75,170,119,0,0,90,51,0.0,6.92,David Akologo,david-akologo,25,1184170,Club Aurora,club-aurora,Club Aurora,0,0,33714,#52b030,#52b030,#ffffff
1,691,29,222,1,73.95,4,56.49,511,402,0,0,180,109,0.0,6.92,Carlos Lampe,carlos-lampe,217,47452,Bolívar,bolivar,Bolívar,0,0,7059,#52b030,#52b030,#ffffff
3,777,182,62,3,81.85,31,68.89,636,279,13,0,141,370,24.53,6.92,Alejandro Chumacero,alejandro-chumacero,65,162707,Jorge Wilstermann,jorge-wilstermann,Jorge Wilstermann,0,0,7878,#52b030,#52b030,#ffffff
1,223,53,16,1,88.34,16,69.57,197,91,11,0,26,117,57.89,6.92,Celin Padilla,celin-padilla,1,1495609,Royal Pari Sion,royal-pari-sion,Royal Pari Sion,0,0,273544,#52b030,#52b030,#ffffff
4,345,112,15,2,81.74,20,53.57,282,83,21,0,63,220,21.65,6.92,Gabriel Esparza,gabriel-esparza,15,1085228,Jorge Wilstermann,jorge-wilstermann,Jorge Wilstermann,0,0,7878,#52b030,#52b030,#ffffff
4,89,32,0,2,80.9,10,0.0,72,20,5,0,17,57,38.46,6.91,Rafinha,rafinha,49,329269,FC Universitario de Vinto,fc-universitario-de-vinto,FC Universitario de Vinto,0,0,268082,#52b030,#52b030,#ffffff
4,388,139,18,4,77.58,43,56.25,301,71,19,0,87,249,25.68,6.91,Gustavo Cristaldo,gustavo-cristaldo,22,75655,Nacional Potosí,nacional-potosi,Nacional Potosí,0,0,47700,#52b030,#52b030,#ffffff
2,925,236,66,2,81.08,27,61.68,750,261,5,0,175,494,22.73,6.91,Juan Adrián,juan-adrian,5,1008535,Palmaflor del Trópico,palmaflor-del-tropico,Palmaflor del Trópico,0,0,321264,#52b030,#52b030,#ffffff
0,968,107,112,0,85.33,6,60.87,826,512,0,0,142,314,0.0,6.91,Jonata Machado,jonata-machado,12,927215,Jorge Wilstermann,jorge-wilstermann,Jorge Wilstermann,0,0,7878,#52b030,#52b030,#ffffff
4,251,68,19,2,70.52,21,55.88,177,59,16,0,74,134,34.04,6.91,Limberg Gutierrez Mojica,limberg-gutierrez-mojica,1,876306,CD Real Santa Cruz,cd-real-santa-cruz,CD Real Santa Cruz,0,0,327860,#52b030,#52b030,#ffffff
1,461,151,24,1,81.34,9,60.0,375,109,11,0,86,277,36.67,6.9,Víctor Cuellar,victor-cuellar,2,1108509,Nacional Potosí,nacional-potosi,Nacional Potosí,0,0,47700,#52b030,#52b030,#ffffff
0,95,22,7,1,74.74,3,43.75,71,22,2,0,24,51,66.67,6.9,Oscar Valda,oscar-valda,2,1495670,Independiente Petrolero,independiente-petrolero,Independiente Petrolero,0,0,372975,#52b030,#52b030,#ffffff
2,758,39,62,0,84.56,3,51.24,641,437,0,0,117,204,0.0,6.9,Nicolás Ferreyra,nicolas-ferreyra,38,340839,Bolívar,bolivar,Bolívar,0,0,7059,#52b030,#52b030,#ffffff
0,22,1,0,0,95.45,1,0.0,21,13,1,0,1,9,50.0,6.9,Diego Corpus,diego-corpus,3,1184177,The Strongest,the-strongest,The Strongest,0,0,32529,#52b030,#52b030,#ffffff
0,40,1,10,0,87.5,0,66.67,35,30,0,0,5,5,0.0,6.9,Ruben Escobar,ruben-escobar,7,790107,Palmaflor del Trópico,palmaflor-del-tropico,Palmaflor del Trópico,0,0,321264,#52b030,#52b030,#ffffff
0,40,10,2,0,75.0,2,50.0,30,15,1,0,10,16,50.0,6.9,Daniel Aguilera,daniel-aguilera,0,1564072,FC Libertad Gran Mamoré,fc-libertad-gran-mamore,FC Libertad Gran Mamoré,0,0,423192,#52b030,#52b030,#ffffff
0,174,11,49,0,52.87,1,38.28,92,58,0,0,82,34,0.0,6.9,Leandro Claros,leandro-claros,1,885576,CD Real Santa Cruz,cd-real-santa-cruz,CD Real Santa Cruz,0,0,327860,#52b030,#52b030,#ffffff
2,1188,173,74,2,87.88,19,61.16,1044,624,2,0,144,422,100.0,6.9,Thiago,thiago,3,84604,CD Real Tomayapo,cd-real-tomayapo,CD Real Tomayapo,0,0,335685,#52b030,#52b030,#ffffff
1,342,98,5,1,71.93,14,50.0,246,69,0,0,96,177,0.0,6.9,José Correa,jose-correa,29,233338,Royal Pari Sion,royal-pari-sion,Royal Pari Sion,0,0,273544,#52b030,#52b030,#ffffff
3,549,92,43,1,76.32,9,51.19,419,223,0,0,130,196,0.0,6.89,Juan Orellana,juan-orellana,2,874470,CD Real Tomayapo,cd-real-tomayapo,CD Real Tomayapo,0,0,335685,#52b030,#52b030,#ffffff
2,509,123,36,1,88.21,13,67.92,449,161,6,0,60,294,42.86,6.89,Fernando Saucedo,fernando-saucedo,47,127947,Bolívar,bolivar,Bolívar,0,0,7059,#52b030,#52b030,#ffffff
3,500,125,39,3,68.6,27,47.56,343,103,22,0,157,262,27.5,6.89,Maximiliano Lemos,maximiliano-lemos,13,805321,FC Libertad Gran Mamoré,fc-libertad-gran-mamore,FC Libertad Gran Mamoré,0,0,423192,#52b030,#52b030,#ffffff
0,607,47,75,0,77.1,5,49.34,468,331,1,0,139,138,50.0,6.88,Nelson Avelino Amarilla Bogado,nelson-avelino-amarilla-bogado,10,47210,Club Aurora,club-aurora,Club Aurora,0,0,33714,#52b030,#52b030,#ffffff
1,102,17,6,1,75.49,5,50.0,77,34,3,0,25,46,60.0,6.88,Brayan Aranibar,brayan-aranibar,1,946802,Club Aurora,club-aurora,Club Aurora,0,0,33714,#52b030,#52b030,#ffffff
0,479,100,48,1,79.54,10,54.55,381,192,10,0,98,199,52.63,6.88,Sebastian Gallegos,sebastian-gallegos,14,116096,Guabirá,guabira,Guabirá,0,0,47701,#52b030,#52b030,#ffffff
0,724,48,92,0,76.93,5,48.17,557,360,1,0,167,198,50.0,6.88,Maximiliano Ortíz,maximiliano-ortiz,2,846776,Nacional Potosí,nacional-potosi,Nacional Potosí,0,0,47700,#52b030,#52b030,#ffffff
0,853,48,106,0,75.26,9,43.62,642,467,2,0,211,177,66.67,6.88,Luis Barboza,luis-barboza,1,249285,Club Aurora,club-aurora,Club Aurora,0,0,33714,#52b030,#52b030,#ffffff
1,739,91,83,0,76.32,4,43.23,564,347,1,0,175,218,16.67,6.88,Marc Enoumba,marc-enoumba,27,1008536,Royal Pari Sion,royal-pari-sion,Royal Pari Sion,0,0,273544,#52b030,#52b030,#ffffff
0,97,31,4,0,86.6,5,66.67,84,14,0,0,13,70,0.0,6.88,Freddy Abastoflor,freddy-abastoflor,1,886576,Guabirá,guabira,Guabirá,0,0,47701,#52b030,#52b030,#ffffff
1,868,120,70,1,77.53,10,47.62,673,372,5,0,195,306,26.32,6.88,Diago Giménez,diago-gimenez,3,895960,FC Universitario de Vinto,fc-universitario-de-vinto,FC Universitario de Vinto,0,0,268082,#52b030,#52b030,#ffffff
4,398,128,22,4,69.35,20,56.41,276,67,4,0,122,213,18.18,6.87,Victor Abrego,victor-abrego,36,1016143,FC Universitario de Vinto,fc-universitario-de-vinto,FC Universitario de Vinto,0,0,268082,#52b030,#52b030,#ffffff
1,110,47,18,1,83.64,7,72.0,92,26,8,0,18,74,33.33,6.87,Henry Vaca,vaca-henry,92,878344,Oriente Petrolero,oriente-petrolero,Oriente Petrolero,0,0,33820,#52b030,#52b030,#ffffff
0,481,28,114,0,50.94,1,33.43,245,169,0,0,236,76,0.0,6.87,Alejandro Torrez,alejandro-torrez,1,1184172,CD Real Santa Cruz,cd-real-santa-cruz,CD Real Santa Cruz,0,0,327860,#52b030,#52b030,#ffffff
4,407,136,10,3,68.8,25,32.26,280,62,3,0,127,221,11.11,6.86,Robin Ramírez,robin-ramirez,14,75642,Independiente Petrolero,independiente-petrolero,Independiente Petrolero,0,0,372975,#52b030,#52b030,#ffffff
4,268,79,2,0,66.79,12,33.33,179,52,0,0,89,127,0.0,6.86,Juan Vogliotti,juan-vogliotti,19,875242,Guabirá,guabira,Guabirá,0,0,47701,#52b030,#52b030,#ffffff
0,738,22,181,0,79.81,0,56.56,589,506,0,0,149,83,0.0,6.86,Saidt Mustafa,saidt-mustafa,6,875243,Nacional Potosí,nacional-potosi,Nacional Potosí,0,0,47700,#52b030,#52b030,#ffffff
2,296,90,6,1,67.23,19,60.0,199,54,1,0,97,146,25.0,6.86,Alejandro Gabriel Quintana,alejandro-gabriel-quintana,16,868706,Guabirá,guabira,Guabirá,0,0,47701,#52b030,#52b030,#ffffff
0,135,20,10,0,60.74,1,55.56,82,41,2,0,53,43,28.57,6.86,Jose Berdecio,jose-berdecio,1,1169071,Oriente Petrolero,oriente-petrolero,Oriente Petrolero,0,0,33820,#52b030,#52b030,#ffffff
5,174,50,4,5,59.2,14,80.0,103,28,2,0,71,77,50.0,6.86,Marcos Riquelme,marcos-riquelme,51,790008,Oriente Petrolero,oriente-petrolero,Oriente Petrolero,0,0,33820,#52b030,#52b030,#ffffff
1,804,68,51,0,87.06,9,53.13,700,435,0,0,104,265,0.0,6.85,Pablo Vaca,pablo-vaca,4,1116477,Always Ready,always-ready,Always Ready,0,0,268083,#52b030,#52b030,#ffffff
1,478,35,35,1,83.47,2,50.72,399,254,0,0,79,145,0.0,6.85,Pablo Pedraza,pablo-pedraza,1,249333,The Strongest,the-strongest,The Strongest,0,0,32529,#52b030,#52b030,#ffffff
3,252,62,4,1,71.83,16,36.36,181,78,2,0,71,105,11.11,6.85,Junior Arias,junior-arias,58,846158,The Strongest,the-strongest,The Strongest,0,0,32529,#52b030,#52b030,#ffffff
1,629,172,34,5,76.15,23,45.33,479,139,13,0,150,353,33.33,6.85,Alejandro Bejarano,alejandro-bejarano,1,131615,Independiente Petrolero,independiente-petrolero,Independiente Petrolero,0,0,372975,#52b030,#52b030,#ffffff
1,445,18,104,0,68.09,1,43.15,303,252,0,0,142,51,0.0,6.85,Jimmy Roca,jimmy-roca,4,979326,Always Ready,always-ready,Always Ready,0,0,268083,#52b030,#52b030,#ffffff
0,9,4,0,0,66.67,1,0.0,6,1,0,0,3,5,0.0,6.85,Marcos de Lima,marcos-de-lima,1,947067,Independiente Petrolero,independiente-petrolero,Independiente Petrolero,0,0,372975,#52b030,#52b030,#ffffff
1,1051,166,77,0,83.82,15,50.99,881,469,2,0,170,414,14.29,6.85,José Sagredo,jose-sagredo,22,815445,Bolívar,bolivar,Bolívar,0,0,7059,#52b030,#52b030,#ffffff
1,855,142,52,0,83.16,9,53.61,711,344,1,1,144,368,9.09,6.85,Cristhian Machado,cristhian-machado,4,147479,Jorge Wilstermann,jorge-wilstermann,Jorge Wilstermann,0,0,7878,#52b030,#52b030,#ffffff
6,802,157,51,5,79.68,31,48.57,639,263,13,0,163,389,30.95,6.84,Diego Daniel Medina Roman,diego-daniel-medina-roman,34,1114079,Always Ready,always-ready,Always Ready,0,0,268083,#52b030,#52b030,#ffffff
4,357,128,16,3,82.35,13,51.61,294,96,8,0,63,206,21.62,6.84,Widen Saucedo,widen-saucedo,1,931652,Nacional Potosí,nacional-potosi,Nacional Potosí,0,0,47700,#52b030,#52b030,#ffffff
0,316,102,16,2,81.96,13,72.73,259,78,6,0,57,187,54.55,6.84,Bruno Miranda,bruno-miranda,30,836165,Royal Pari Sion,royal-pari-sion,Royal Pari Sion,0,0,273544,#52b030,#52b030,#ffffff
3,821,304,43,5,82.95,35,58.9,681,168,5,0,140,518,26.32,6.84,Jaime Arrascaita,jaime-arrascaita,31,350568,The Strongest,the-strongest,The Strongest,0,0,32529,#52b030,#52b030,#ffffff
0,168,51,5,0,67.86,6,45.45,114,30,0,0,54,84,0.0,6.84,Miguel,miguel,18,378642,Jorge Wilstermann,jorge-wilstermann,Jorge Wilstermann,0,0,7878,#52b030,#52b030,#ffffff
2,221,66,4,2,70.59,9,50.0,156,51,2,0,65,107,28.57,6.83,Rodrigo Ruiz Díaz,rodrigo-ruiz-diaz,18,877519,Guabirá,guabira,Guabirá,0,0,47701,#52b030,#52b030,#ffffff
2,166,57,10,2,84.94,9,62.5,141,50,4,0,25,95,17.39,6.83,Miguel Villaroel,miguel-villaroel,8,1116679,Bolívar,bolivar,Bolívar,0,0,7059,#52b030,#52b030,#ffffff
6,294,76,11,0,75.85,22,50.0,223,83,14,0,71,154,25.0,6.83,Maximiliano Gómez,maximiliano-gomez,2,941449,Guabirá,guabira,Guabirá,0,0,47701,#52b030,#52b030,#ffffff
1,848,96,71,0,78.89,7,43.03,669,418,0,0,179,251,0.0,6.83,Sebastian Zaracho,sebastian-zaracho,11,926882,Club Aurora,club-aurora,Club Aurora,0,0,33714,#52b030,#52b030,#ffffff
2,203,60,7,3,66.5,18,33.33,135,44,3,0,68,94,23.08,6.83,Yonathan Taborga,yonathan-taborga,2,1495685,FC Libertad Gran Mamoré,fc-libertad-gran-mamore,FC Libertad Gran Mamoré,0,0,423192,#52b030,#52b030,#ffffff
2,868,184,77,1,74.08,15,51.33,643,287,4,0,225,360,19.05,6.83,Omar Siles,omar-siles,3,975109,Blooming,blooming,Blooming,0,0,6968,#52b030,#52b030,#ffffff
2,621,41,81,2,76.65,7,48.21,476,338,0,0,145,138,0.0,6.83,Juan Rioja,juan-rioja,1,868699,CD Real Tomayapo,cd-real-tomayapo,CD Real Tomayapo,0,0,335685,#52b030,#52b030,#ffffff
0,116,11,13,0,63.79,1,43.33,74,48,2,0,42,28,28.57,6.83,Fabio Vargas,fabio-vargas,1,1473453,Oriente Petrolero,oriente-petrolero,Oriente Petrolero,0,0,33820,#52b030,#52b030,#ffffff
1,545,46,58,0,76.51,6,44.96,417,286,2,0,128,133,100.0,6.83,Milciades Portillo,portillo-milciades,6,902907,Guabirá,guabira,Guabirá,0,0,47701,#52b030,#52b030,#ffffff
3,282,78,11,4,78.72,19,55.0,222,83,11,1,60,150,19.64,6.82,Jhon Velásquez,jhon-velasquez,8,1177431,Jorge Wilstermann,jorge-wilstermann,Jorge Wilstermann,0,0,7878,#52b030,#52b030,#ffffff
1,250,81,18,4,75.6,18,75.0,189,54,11,0,61,146,29.73,6.82,Mateo Abastoflor,mateo-abastoflor,4,1107011,Guabirá,guabira,Guabirá,0,0,47701,#52b030,#52b030,#ffffff
1,98,43,1,1,78.57,7,100.0,77,15,4,0,21,66,26.67,6.82,Andres Cordoba,andres-cordoba,1,1174958,Nacional Potosí,nacional-potosi,Nacional Potosí,0,0,47700,#52b030,#52b030,#ffffff
0,107,9,38,0,60.75,1,47.5,65,39,0,0,42,26,0.0,6.82,Javier Rojas,javier-rojas,8,805225,Palmaflor del Trópico,palmaflor-del-tropico,Palmaflor del Trópico,0,0,321264,#52b030,#52b030,#ffffff
1,1086,214,81,0,86.19,23,60.9,936,441,9,0,150,504,39.13,6.82,Didi Torrico,didi-torrico,2,33187,Club Aurora,club-aurora,Club Aurora,0,0,33714,#52b030,#52b030,#ffffff
5,608,120,48,1,71.05,25,46.15,432,165,7,0,176,274,41.18,6.82,Erwin Junior Sánchez,erwin-junior-sanchez,4,805360,Oriente Petrolero,oriente-petrolero,Oriente Petrolero,0,0,33820,#52b030,#52b030,#ffffff
3,368,110,6,2,76.9,18,60.0,283,73,3,0,85,213,25.0,6.82,Fernando Luna,fernando-luna,2,802897,Palmaflor del Trópico,palmaflor-del-tropico,Palmaflor del Trópico,0,0,321264,#52b030,#52b030,#ffffff
2,267,91,5,1,65.17,14,62.5,174,39,0,0,93,135,0.0,6.81,Efmamj Jasond González,efmamj-jasond-gonzalez,88,1092323,CD Real Santa Cruz,cd-real-santa-cruz,CD Real Santa Cruz,0,0,327860,#52b030,#52b030,#ffffff
3,751,180,43,2,84.15,24,60.56,632,215,4,0,119,421,33.33,6.81,Gabriel Villamil,gabriel-villamil,114,964296,Bolívar,bolivar,Bolívar,0,0,7059,#52b030,#52b030,#ffffff
4,358,158,13,3,82.68,25,54.17,296,65,10,0,62,241,38.46,6.81,Javier Uzeda,javier-uzeda,37,1114091,Bolívar,bolivar,Bolívar,0,0,7059,#52b030,#52b030,#ffffff
2,189,72,10,1,79.37,17,83.33,150,40,0,0,39,110,0.0,6.81,Moises Paniagua,paniagua-moises,75,1424737,Always Ready,always-ready,Always Ready,0,0,268083,#52b030,#52b030,#ffffff
10,550,161,50,4,72.55,36,56.18,399,134,16,0,151,281,19.75,6.81,Juan Arce,juan-arce,38,11348,Blooming,blooming,Blooming,0,0,6968,#52b030,#52b030,#ffffff
7,492,135,43,2,80.49,30,57.33,396,126,13,0,96,283,33.33,6.8,Juan Ribera,juan-ribera,1,1148599,Royal Pari Sion,royal-pari-sion,Royal Pari Sion,0,0,273544,#52b030,#52b030,#ffffff
1,177,71,2,1,80.79,15,40.0,143,28,1,0,34,116,16.67,6.8,Carmelo Algarañaz,carmelo-algaranaz,43,808183,Bolívar,bolivar,Bolívar,0,0,7059,#52b030,#52b030,#ffffff
3,587,162,39,3,68.48,24,53.42,402,122,9,0,185,289,21.43,6.8,Pedro Taborga,pedro-taborga,4,1490611,Club Vaca Díez,club-vaca-diez,Club Vaca Díez,0,0,327910,#52b030,#52b030,#ffffff
7,353,144,5,6,70.82,37,50.0,250,41,3,0,103,212,23.08,6.8,Oswaldo Blanco,oswaldo-blanco,10,1020469,Club Aurora,club-aurora,Club Aurora,0,0,33714,#52b030,#52b030,#ffffff
4,303,88,8,0,81.19,12,42.11,246,70,8,0,57,184,32.0,6.8,Eugenio Isnaldo,eugenio-isnaldo,48,312258,The Strongest,the-strongest,The Strongest,0,0,32529,#52b030,#52b030,#ffffff
0,26,0,1,0,80.77,2,25.0,21,14,4,0,5,11,66.67,6.8,Hermes Hurtado,hermes-hurtado,0,1169067,CD Real Santa Cruz,cd-real-santa-cruz,CD Real Santa Cruz,0,0,327860,#52b030,#52b030,#ffffff
0,5,1,0,0,100.0,1,0.0,5,2,0,0,0,3,0.0,6.8,Ricardo Sandoval,ricardo-sandoval,1,1169074,Oriente Petrolero,oriente-petrolero,Oriente Petrolero,0,0,33820,#52b030,#52b030,#ffffff
6,1147,237,66,5,80.47,23,43.42,923,408,11,0,224,526,20.0,6.8,Carlos Roca,carlos-roca,8,932242,The Strongest,the-strongest,The Strongest,0,0,32529,#52b030,#52b030,#ffffff
4,329,91,21,0,69.0,16,63.64,227,71,17,0,102,173,34.0,6.8,Jefinho,jefinho,1,866477,CD Real Tomayapo,cd-real-tomayapo,CD Real Tomayapo,0,0,335685,#52b030,#52b030,#ffffff
0,492,104,35,0,76.83,9,46.67,378,171,1,0,114,208,14.29,6.79,Alejandro Melean,alejandro-melean,3,147558,Guabirá,guabira,Guabirá,0,0,47701,#52b030,#52b030,#ffffff
3,694,157,50,0,75.65,21,49.5,525,236,6,0,169,295,22.22,6.79,Daniel Rojas,daniel-rojas,3,975062,Oriente Petrolero,oriente-petrolero,Oriente Petrolero,0,0,33820,#52b030,#52b030,#ffffff
0,137,37,5,1,70.8,12,38.46,97,32,1,0,40,66,50.0,6.79,William Álvarez,william-alvarez,2,846369,FC Universitario de Vinto,fc-universitario-de-vinto,FC Universitario de Vinto,0,0,268082,#52b030,#52b030,#ffffff
0,307,57,32,3,88.93,8,74.42,273,127,0,0,34,146,0.0,6.79,William Parra,william-parra,13,819170,Always Ready,always-ready,Always Ready,0,0,268083,#52b030,#52b030,#ffffff
5,715,116,67,5,80.14,25,55.83,573,284,15,0,142,304,37.5,6.78,Jorge Eduardo Lovera,jorge-eduardo-lovera,1,856508,Guabirá,guabira,Guabirá,0,0,47701,#52b030,#52b030,#ffffff
4,286,114,6,1,78.32,15,54.55,224,57,5,0,62,172,16.67,6.78,José Sinisterra,jose-sinisterra,57,914211,Blooming,blooming,Blooming,0,0,6968,#52b030,#52b030,#ffffff
1,848,118,85,0,70.99,15,39.35,602,309,5,0,246,298,20.83,6.78,Marvin Bejarano,marvin-bejarano,2,47466,Royal Pari Sion,royal-pari-sion,Royal Pari Sion,0,0,273544,#52b030,#52b030,#ffffff
0,43,7,1,0,51.16,1,20.0,22,12,1,0,21,11,50.0,6.78,Samuel Sandoval,sandoval-samuel,3,1474879,Oriente Petrolero,oriente-petrolero,Oriente Petrolero,0,0,33820,#52b030,#52b030,#ffffff
1,1080,176,69,3,82.04,21,61.61,886,449,1,0,194,438,10.0,6.78,Rodrigo Morales,rodrigo-morales,3,897150,Club Vaca Díez,club-vaca-diez,Club Vaca Díez,0,0,327910,#52b030,#52b030,#ffffff
0,94,25,4,0,76.6,1,57.14,72,22,0,0,22,50,0.0,6.78,Padú,padu,2,1106065,Guabirá,guabira,Guabirá,0,0,47701,#52b030,#52b030,#ffffff
1,1082,203,116,1,84.66,24,66.29,916,420,1,0,166,497,25.0,6.78,Richard Spenhay,spenhay-richard,1,1017447,Palmaflor del Trópico,palmaflor-del-tropico,Palmaflor del Trópico,0,0,321264,#52b030,#52b030,#ffffff
2,313,77,20,1,75.08,24,64.52,235,84,18,0,78,169,33.33,6.78,Erick Cano,erick-cano,3,973545,FC Universitario de Vinto,fc-universitario-de-vinto,FC Universitario de Vinto,0,0,268082,#52b030,#52b030,#ffffff
3,200,61,4,4,78.5,16,57.14,157,49,4,0,43,112,25.0,6.78,Luiz Fernando Paz,luiz-fernando-paz,3,1394847,Bolívar,bolivar,Bolívar,0,0,7059,#52b030,#52b030,#ffffff
1,28,7,1,1,50.0,1,50.0,14,2,0,0,14,12,0.0,6.78,Diego Pariani,diego-pariani,1,1394163,CD Real Tomayapo,cd-real-tomayapo,CD Real Tomayapo,0,0,335685,#52b030,#52b030,#ffffff
0,31,4,1,0,61.29,2,25.0,19,9,0,0,12,10,0.0,6.78,Alan Mercado,alan-mercado,1,805061,CD Real Santa Cruz,cd-real-santa-cruz,CD Real Santa Cruz,0,0,327860,#52b030,#52b030,#ffffff
0,91,20,11,0,79.12,4,61.11,72,34,2,0,19,40,50.0,6.78,José Pinto,jose-pinto,1,1017478,FC Universitario de Vinto,fc-universitario-de-vinto,FC Universitario de Vinto,0,0,268082,#52b030,#52b030,#ffffff
0,705,137,31,0,70.35,12,31.31,496,232,8,0,209,272,18.18,6.77,Julio Cesar Perez,julio-cesar-perez,1,831746,CD Real Santa Cruz,cd-real-santa-cruz,CD Real Santa Cruz,0,0,327860,#52b030,#52b030,#ffffff
0,216,16,27,0,70.37,2,44.26,152,103,0,0,64,49,0.0,6.77,Carlos Chore,carlos-chore,2,979780,Guabirá,guabira,Guabirá,0,0,47701,#52b030,#52b030,#ffffff
0,601,193,58,2,73.88,29,58.0,444,103,16,0,157,357,26.23,6.77,Rodrigo Gómez,rodrigo-gomez,27,842932,Independiente Petrolero,independiente-petrolero,Independiente Petrolero,0,0,372975,#52b030,#52b030,#ffffff
0,502,93,34,0,79.48,16,45.33,399,171,3,0,103,231,23.08,6.77,Enrique Taborga,enrique-taborga,6,1197426,Always Ready,always-ready,Always Ready,0,0,268083,#52b030,#52b030,#ffffff
3,532,146,31,2,90.98,12,77.5,484,183,7,0,48,308,35.0,6.76,Luis Pavia,luis-pavia,1,873728,Nacional Potosí,nacional-potosi,Nacional Potosí,0,0,47700,#52b030,#52b030,#ffffff
0,58,16,0,0,70.69,4,0.0,41,8,0,0,17,33,0.0,6.76,Angel Vaca,angel-vaca,0,1142053,Guabirá,guabira,Guabirá,0,0,47701,#52b030,#52b030,#ffffff
0,68,21,2,1,83.82,7,50.0,57,19,2,0,11,40,66.67,6.76,Sebastián Melgar,sebastian-melgar,3,1200519,Palmaflor del Trópico,palmaflor-del-tropico,Palmaflor del Trópico,0,0,321264,#52b030,#52b030,#ffffff
0,477,74,40,0,82.39,4,57.14,393,214,1,0,84,180,16.67,6.76,Arquímedes Figuera,arquimedes-figuera,81,123245,Blooming,blooming,Blooming,0,0,6968,#52b030,#52b030,#ffffff
0,617,37,167,0,62.07,0,42.39,383,284,0,0,234,99,0.0,6.76,Mauricio Adorno,mauricio-adorno,5,980760,Palmaflor del Trópico,palmaflor-del-tropico,Palmaflor del Trópico,0,0,321264,#52b030,#52b030,#ffffff
1,825,68,103,0,83.64,7,53.09,690,449,3,0,135,244,60.0,6.76,Gonzalo Castillo,gonzalo-castillo,24,247189,The Strongest,the-strongest,The Strongest,0,0,32529,#52b030,#52b030,#ffffff
0,607,40,161,0,62.93,2,42.82,382,285,0,0,225,97,0.0,6.76,Elder Arauz,elder-arauz,1,1017424,Guabirá,guabira,Guabirá,0,0,47701,#52b030,#52b030,#ffffff
0,669,129,57,2,75.78,16,51.82,507,211,2,0,162,298,50.0,6.75,Juan Capurro,juan-capurro,2,333761,Royal Pari Sion,royal-pari-sion,Royal Pari Sion,0,0,273544,#52b030,#52b030,#ffffff
3,291,111,6,2,79.04,22,60.0,230,57,4,0,61,177,25.0,6.75,Lucas Chávez,lucas-chavez,29,1116671,Bolívar,bolivar,Bolívar,0,0,7059,#52b030,#52b030,#ffffff
3,431,125,30,1,81.21,12,58.82,350,106,9,0,81,253,28.13,6.75,Diego Bejarano,diego-bejarano,47,163179,Bolívar,bolivar,Bolívar,0,0,7059,#52b030,#52b030,#ffffff
3,290,100,7,2,63.45,17,43.75,184,38,5,0,106,151,19.23,6.75,Jonathan Cristaldo,jonathan-cristaldo,67,80934,Oriente Petrolero,oriente-petrolero,Oriente Petrolero,0,0,33820,#52b030,#52b030,#ffffff
1,816,95,118,0,65.56,5,44.53,535,313,0,0,281,222,0.0,6.75,Leandro Zazpe,leandro-zazpe,15,166151,FC Libertad Gran Mamoré,fc-libertad-gran-mamore,FC Libertad Gran Mamoré,0,0,423192,#52b030,#52b030,#ffffff
0,1376,225,93,0,86.77,21,67.88,1194,555,9,0,182,648,24.32,6.75,Álvaro Quiroga,alvaro-quiroga,12,886777,The Strongest,the-strongest,The Strongest,0,0,32529,#52b030,#52b030,#ffffff
1,164,34,11,0,85.37,4,64.71,140,57,1,0,24,84,25.0,6.75,Juan Magallanes,juan-magallanes,2,1177432,FC Universitario de Vinto,fc-universitario-de-vinto,FC Universitario de Vinto,0,0,268082,#52b030,#52b030,#ffffff
0,40,13,2,0,92.5,5,66.67,37,13,0,0,3,24,0.0,6.75,Oseas Mendieta Cabrera,oseas-mendieta-cabrera,0,1495671,FC Libertad Gran Mamoré,fc-libertad-gran-mamore,FC Libertad Gran Mamoré,0,0,423192,#52b030,#52b030,#ffffff
0,117,40,10,0,91.45,6,83.33,107,29,0,0,10,78,0.0,6.75,Alexandro Zenteno,alexandro-zenteno,3,1413181,Always Ready,always-ready,Always Ready,0,0,268083,#52b030,#52b030,#ffffff
1,103,19,2,1,52.43,5,50.0,54,22,0,0,49,32,0.0,6.75,Juan Teles,juan-teles,1,1477487,Club Vaca Díez,club-vaca-diez,Club Vaca Díez,0,0,327910,#52b030,#52b030,#ffffff
0,195,9,16,0,77.95,0,42.11,152,115,0,0,43,37,0.0,6.74,Jefferson Ibáñez,jefferson-ibanez,0,876305,Guabirá,guabira,Guabirá,0,0,47701,#52b030,#52b030,#ffffff
0,255,14,71,0,63.92,0,45.22,163,115,0,0,92,48,0.0,6.74,Jairo Cuellar,jairo-cuellar,2,931396,Guabirá,guabira,Guabirá,0,0,47701,#52b030,#52b030,#ffffff
2,322,104,13,1,76.71,19,56.52,247,91,4,0,75,160,15.38,6.74,Andrés Llano,andres-llano,1,1495597,FC Universitario de Vinto,fc-universitario-de-vinto,FC Universitario de Vinto,0,0,268082,#52b030,#52b030,#ffffff
3,160,64,5,1,84.38,6,83.33,135,43,1,0,25,93,6.25,6.74,Mauricio Chajtur,mauricio-chajtur,2,923039,Guabirá,guabira,Guabirá,0,0,47701,#52b030,#52b030,#ffffff
1,506,56,45,1,72.33,3,41.28,366,229,1,0,140,138,20.0,6.74,Brian López,brian-lopez,10,1099307,CD Real Santa Cruz,cd-real-santa-cruz,CD Real Santa Cruz,0,0,327860,#52b030,#52b030,#ffffff
0,1022,67,89,0,80.63,4,50.57,824,554,0,0,198,270,0.0,6.74,Adrián Jusino,adrian-jusino,19,935010,The Strongest,the-strongest,The Strongest,0,0,32529,#52b030,#52b030,#ffffff
1,167,28,9,2,87.43,6,42.86,146,71,6,0,21,81,35.29,6.74,Marco Antonio Barrios,marco-antonio-barrios,1,975104,CD Real Tomayapo,cd-real-tomayapo,CD Real Tomayapo,0,0,335685,#52b030,#52b030,#ffffff
0,69,22,6,0,75.36,1,60.0,52,14,1,0,17,39,14.29,6.74,Patrick Torelli,patrick-torelli,2,1507161,FC Libertad Gran Mamoré,fc-libertad-gran-mamore,FC Libertad Gran Mamoré,0,0,423192,#52b030,#52b030,#ffffff
0,154,32,18,0,87.01,8,78.26,134,47,5,0,20,92,55.56,6.74,Ramiro Mamani,ramiro-mamani,1,805478,FC Universitario de Vinto,fc-universitario-de-vinto,FC Universitario de Vinto,0,0,268082,#52b030,#52b030,#ffffff
1,102,28,3,0,60.78,6,18.75,62,15,4,0,40,51,36.36,6.73,Edenilson Michels,edenilson-michels,2,1108501,Independiente Petrolero,independiente-petrolero,Independiente Petrolero,0,0,372975,#52b030,#52b030,#ffffff
0,41,3,2,0,75.61,1,66.67,31,21,0,0,10,10,0.0,6.73,Diego Buceta,diego-buceta,3,1513694,Blooming,blooming,Blooming,0,0,6968,#52b030,#52b030,#ffffff
0,580,62,92,0,70.52,4,44.02,409,250,1,0,171,160,50.0,6.73,Martín Chiatti,martin-chiatti,2,1147478,Jorge Wilstermann,jorge-wilstermann,Jorge Wilstermann,0,0,7878,#52b030,#52b030,#ffffff
4,399,142,12,1,76.69,28,60.0,306,91,10,0,93,225,21.28,6.73,Fabricio Moreno,fabricio-moreno,7,1468412,CD Real Santa Cruz,cd-real-santa-cruz,CD Real Santa Cruz,0,0,327860,#52b030,#52b030,#ffffff
0,483,30,103,0,54.24,0,32.39,262,189,0,0,221,73,0.0,6.73,Israel Peña,israel-pena,2,1477486,Club Vaca Díez,club-vaca-diez,Club Vaca Díez,0,0,327910,#52b030,#52b030,#ffffff
0,89,22,2,0,71.91,3,66.67,64,23,0,0,25,41,0.0,6.73,Carlos Monges,monges-carlos,18,931227,CD Real Tomayapo,cd-real-tomayapo,CD Real Tomayapo,0,0,335685,#52b030,#52b030,#ffffff
0,332,81,12,1,61.45,14,42.86,204,68,2,0,128,138,18.18,6.73,Juan Godoy,juan-godoy,8,1147477,Independiente Petrolero,independiente-petrolero,Independiente Petrolero,0,0,372975,#52b030,#52b030,#ffffff
1,262,75,7,1,74.43,13,50.0,195,69,1,0,67,127,50.0,6.73,Vladimir Castellón,vladimir-castellon,3,47233,Jorge Wilstermann,jorge-wilstermann,Jorge Wilstermann,0,0,7878,#52b030,#52b030,#ffffff
1,353,66,18,1,81.59,10,62.07,288,126,2,0,65,164,16.67,6.73,Andrés Moreno,andres-moreno,3,1189877,Royal Pari Sion,royal-pari-sion,Royal Pari Sion,0,0,273544,#52b030,#52b030,#ffffff
0,73,22,1,0,68.49,4,25.0,50,17,2,0,23,35,28.57,6.73,Makerlo Tellez,makerlo-tellez,1,1495659,FC Libertad Gran Mamoré,fc-libertad-gran-mamore,FC Libertad Gran Mamoré,0,0,423192,#52b030,#52b030,#ffffff
0,408,30,50,0,80.15,2,55.56,327,223,1,0,81,105,100.0,6.73,Nelson Cabrera,nelson-cabrera,7,33127,Nacional Potosí,nacional-potosi,Nacional Potosí,0,0,47700,#52b030,#52b030,#ffffff
0,666,57,62,1,69.07,5,31.96,460,325,2,0,206,137,66.67,6.73,Hallysson Padilha,hallysson-padilha,1,1184186,CD Real Tomayapo,cd-real-tomayapo,CD Real Tomayapo,0,0,335685,#52b030,#52b030,#ffffff
0,293,95,11,1,80.55,22,61.11,236,63,19,0,57,192,47.5,6.73,Luis Hurtado,luis-hurtado,3,249297,Palmaflor del Trópico,palmaflor-del-tropico,Palmaflor del Trópico,0,0,321264,#52b030,#52b030,#ffffff
1,56,23,2,1,83.93,5,50.0,47,8,0,0,9,39,0.0,6.73,Emanuel Paniagua,emanuel-paniagua,3,1490350,Always Ready,always-ready,Always Ready,0,0,268083,#52b030,#52b030,#ffffff
1,42,19,3,0,78.57,2,50.0,33,9,0,0,9,24,0.0,6.73,Fernando Rodríguez,fernando-rodriguez,0,1092592,FC Libertad Gran Mamoré,fc-libertad-gran-mamore,FC Libertad Gran Mamoré,0,0,423192,#52b030,#52b030,#ffffff
3,366,103,19,3,72.68,13,44.19,266,96,2,0,100,172,5.71,6.72,Fernando Arismendi,fernando-arismendi,18,885412,Blooming,blooming,Blooming,0,0,6968,#52b030,#52b030,#ffffff
0,639,28,121,0,56.03,0,30.79,358,288,0,0,281,70,0.0,6.72,Braulio Uraezaña,braulio-uraezana,8,815442,Blooming,blooming,Blooming,0,0,6968,#52b030,#52b030,#ffffff
0,118,40,1,0,79.66,6,50.0,94,26,0,0,24,68,0.0,6.72,Humberto Osorio,humberto-osorio,24,263439,Independiente Petrolero,independiente-petrolero,Independiente Petrolero,0,0,372975,#52b030,#52b030,#ffffff
0,438,92,31,1,80.59,14,57.41,353,147,9,0,85,215,26.47,6.72,Juan Carlos Zampiery,juan-carlos-zampiery,1,221001,FC Universitario de Vinto,fc-universitario-de-vinto,FC Universitario de Vinto,0,0,268082,#52b030,#52b030,#ffffff
0,246,28,21,0,86.59,3,63.64,213,113,0,0,33,100,0.0,6.72,Carlos Robles,carlos-robles,16,358158,The Strongest,the-strongest,The Strongest,0,0,32529,#52b030,#52b030,#ffffff
2,301,53,22,1,68.77,8,36.67,207,97,3,0,94,113,21.43,6.71,Juan Aponte,juan-aponte,2,589654,Jorge Wilstermann,jorge-wilstermann,Jorge Wilstermann,0,0,7878,#52b030,#52b030,#ffffff
4,177,59,6,3,66.1,21,40.0,117,31,8,0,60,94,28.57,6.71,Jorge Rojas,jorge-rojas,4,891849,Oriente Petrolero,oriente-petrolero,Oriente Petrolero,0,0,33820,#52b030,#52b030,#ffffff
2,318,50,21,2,79.87,3,46.67,254,138,0,0,64,116,0.0,6.71,Brahian Egüez,brahian-eguez,2,975058,Guabirá,guabira,Guabirá,0,0,47701,#52b030,#52b030,#ffffff
2,133,42,9,0,71.43,10,52.94,95,30,7,0,38,72,24.14,6.71,Adriel Fernandez,adriel-fernandez,1,874467,Jorge Wilstermann,jorge-wilstermann,Jorge Wilstermann,0,0,7878,#52b030,#52b030,#ffffff
0,845,45,83,0,85.8,6,60.14,725,529,0,0,120,196,0.0,6.71,Martin Galain,martin-galain,11,47416,Nacional Potosí,nacional-potosi,Nacional Potosí,0,0,47700,#52b030,#52b030,#ffffff
3,708,109,72,0,83.05,16,67.29,588,289,5,0,120,304,25.0,6.71,Carlos Sejas,carlos-sejas,12,1184152,Club Aurora,club-aurora,Club Aurora,0,0,33714,#52b030,#52b030,#ffffff
1,968,92,118,0,77.79,8,48.36,753,532,3,0,215,224,75.0,6.71,Santiago Echeverria,santiago-echeverria,5,789669,Guabirá,guabira,Guabirá,0,0,47701,#52b030,#52b030,#ffffff
0,971,167,45,0,87.64,15,61.64,851,386,1,0,120,466,25.0,6.71,Diego Josue Hoyos,diego-josue-hoyos,1,147560,Nacional Potosí,nacional-potosi,Nacional Potosí,0,0,47700,#52b030,#52b030,#ffffff
0,558,61,167,0,47.13,0,36.62,263,123,0,0,295,140,0.0,6.71,Germán Arauz,german-arauz,1,987588,Independiente Petrolero,independiente-petrolero,Independiente Petrolero,0,0,372975,#52b030,#52b030,#ffffff
2,291,89,7,1,74.23,22,38.89,216,72,18,0,75,162,24.66,6.7,Luis Alí,luis-ali,4,887156,CD Real Tomayapo,cd-real-tomayapo,CD Real Tomayapo,0,0,335685,#52b030,#52b030,#ffffff
2,397,107,29,2,79.85,25,69.05,317,109,14,0,80,222,28.57,6.7,Edward Vaca,edward-vaca,1,944160,CD Real Santa Cruz,cd-real-santa-cruz,CD Real Santa Cruz,0,0,327860,#52b030,#52b030,#ffffff
2,328,106,3,4,71.95,18,23.08,236,69,3,0,92,170,20.0,6.7,Darlin Rodriguez,darlin-rodriguez,8,1490615,Club Vaca Díez,club-vaca-diez,Club Vaca Díez,0,0,327910,#52b030,#52b030,#ffffff
0,143,10,37,0,65.03,0,42.53,93,71,0,0,50,22,0.0,6.7,Juan Carlos Robles,juan-carlos-robles,1,47462,FC Libertad Gran Mamoré,fc-libertad-gran-mamore,FC Libertad Gran Mamoré,0,0,423192,#52b030,#52b030,#ffffff
0,52,14,2,0,75.0,2,50.0,39,11,0,0,13,28,0.0,6.7,Alexir Ibaguary,alexir-ibaguary,1,1490614,Club Vaca Díez,club-vaca-diez,Club Vaca Díez,0,0,327910,#52b030,#52b030,#ffffff
1,31,11,0,1,70.97,2,0.0,22,6,1,0,9,17,50.0,6.7,Reyvin de la Rosa,reyvin-de-la-rosa,0,1495676,CD Real Santa Cruz,cd-real-santa-cruz,CD Real Santa Cruz,0,0,327860,#52b030,#52b030,#ffffff
0,4,1,0,0,50.0,0,0.0,2,0,0,0,2,2,0.0,6.7,Fernando Saldías,fernando-saldias,1,893093,Nacional Potosí,nacional-potosi,Nacional Potosí,0,0,47700,#52b030,#52b030,#ffffff
0,6,0,0,0,50.0,0,0.0,3,3,0,0,3,0,0.0,6.7,Carlos Pérez,carlos-perez,1,964279,Jorge Wilstermann,jorge-wilstermann,Jorge Wilstermann,0,0,7878,#52b030,#52b030,#ffffff
0,5,1,2,0,80.0,0,66.67,4,3,1,0,1,2,100.0,6.7,Walter Flores,walter-flores,0,1468166,Always Ready,always-ready,Always Ready,0,0,268083,#52b030,#52b030,#ffffff
0,340,22,27,0,77.35,5,40.91,263,186,0,0,77,77,0.0,6.7,Arturo Mina,arturo-mina,83,387720,Palmaflor del Trópico,palmaflor-del-tropico,Palmaflor del Trópico,0,0,321264,#52b030,#52b030,#ffffff
1,371,24,31,0,72.24,3,42.47,268,209,1,0,103,60,100.0,6.69,Sebastian Alvarez,sebastian-alvarez,3,1147182,Oriente Petrolero,oriente-petrolero,Oriente Petrolero,0,0,33820,#52b030,#52b030,#ffffff
1,192,50,30,0,80.73,6,68.18,155,58,1,0,37,98,25.0,6.69,Denilzon Ramallo,denilzon-ramallo,1,1184180,FC Universitario de Vinto,fc-universitario-de-vinto,FC Universitario de Vinto,0,0,268082,#52b030,#52b030,#ffffff
2,530,134,38,2,77.55,29,46.34,411,142,18,0,119,287,20.0,6.69,Ramiro Ballivián,ramiro-ballivian,2,47469,Club Aurora,club-aurora,Club Aurora,0,0,33714,#52b030,#52b030,#ffffff
0,244,19,22,0,85.66,1,57.89,209,135,0,0,35,74,0.0,6.69,Jairo Quinteros,jairo-quinteros,72,1016159,Bolívar,bolivar,Bolívar,0,0,7059,#52b030,#52b030,#ffffff
0,188,18,17,0,67.02,2,34.0,126,90,1,0,62,37,33.33,6.69,Jorge Vazquez,jorge-vazquez,6,1177423,Guabirá,guabira,Guabirá,0,0,47701,#52b030,#52b030,#ffffff
0,530,41,48,0,76.6,3,43.24,406,266,0,0,124,140,0.0,6.69,Eduardo Álvarez,eduardo-alvarez,13,1116654,Royal Pari Sion,royal-pari-sion,Royal Pari Sion,0,0,273544,#52b030,#52b030,#ffffff
0,732,167,57,0,71.72,19,42.54,525,234,15,1,207,306,24.59,6.69,Fran Supayabe Alpiri,fran-supayabe-alpiri,1,923029,Guabirá,guabira,Guabirá,0,0,47701,#52b030,#52b030,#ffffff
1,213,64,14,0,75.12,11,63.64,160,50,5,0,53,115,29.41,6.69,Mateo Hernandez,mateo-hernandez,5,830877,CD Real Tomayapo,cd-real-tomayapo,CD Real Tomayapo,0,0,335685,#52b030,#52b030,#ffffff
0,826,98,66,0,83.66,9,55.46,691,383,2,0,135,310,50.0,6.69,Marcos Andía,marcos-andia,1,886599,Nacional Potosí,nacional-potosi,Nacional Potosí,0,0,47700,#52b030,#52b030,#ffffff
2,732,160,43,1,80.87,19,53.75,592,256,8,0,140,344,17.39,6.68,Daniel Mancilla,daniel-mancilla,4,339233,Nacional Potosí,nacional-potosi,Nacional Potosí,0,0,47700,#52b030,#52b030,#ffffff
1,499,97,23,0,78.56,8,39.66,392,201,6,0,107,197,22.22,6.68,Tobías Moriceau,tobias-moriceau,4,1111537,Royal Pari Sion,royal-pari-sion,Royal Pari Sion,0,0,273544,#52b030,#52b030,#ffffff
0,114,23,5,0,74.56,6,50.0,85,31,6,0,29,60,33.33,6.68,Rivaldo Méndez,rivaldo-mendez,0,1184225,CD Real Tomayapo,cd-real-tomayapo,CD Real Tomayapo,0,0,335685,#52b030,#52b030,#ffffff
0,227,16,17,0,75.33,2,36.17,171,125,0,0,56,46,0.0,6.68,Luis Ruano,luis-ruano,2,1486636,CD Real Santa Cruz,cd-real-santa-cruz,CD Real Santa Cruz,0,0,327860,#52b030,#52b030,#ffffff
2,494,95,39,1,78.14,11,46.43,386,149,9,0,108,246,50.0,6.68,Miguel Quiroga,miguel-quiroga,2,221442,Independiente Petrolero,independiente-petrolero,Independiente Petrolero,0,0,372975,#52b030,#52b030,#ffffff
1,127,37,2,2,70.87,7,25.0,90,31,2,0,37,61,50.0,6.68,Leonardo Villagra,villagra-leonardo,20,835655,Oriente Petrolero,oriente-petrolero,Oriente Petrolero,0,0,33820,#52b030,#52b030,#ffffff
1,140,39,9,1,77.14,7,47.37,108,35,5,0,32,78,38.46,6.68,Kevin Romay,kevin-romay,3,1008538,Nacional Potosí,nacional-potosi,Nacional Potosí,0,0,47700,#52b030,#52b030,#ffffff
2,718,83,80,0,70.75,6,40.61,508,276,1,0,210,233,11.11,6.68,Hugo Silva,hugo-silva,2,830700,Royal Pari Sion,royal-pari-sion,Royal Pari Sion,0,0,273544,#52b030,#52b030,#ffffff
0,85,15,1,0,71.76,3,33.33,61,31,0,0,24,30,0.0,6.68,Denis Pinto,denis-pinto,1,964421,Club Vaca Díez,club-vaca-diez,Club Vaca Díez,0,0,327910,#52b030,#52b030,#ffffff
0,54,11,8,0,75.93,0,61.54,41,19,0,0,13,22,0.0,6.68,Rodrigo Saucedo,rodrigo-saucedo,1,997288,Oriente Petrolero,oriente-petrolero,Oriente Petrolero,0,0,33820,#52b030,#52b030,#ffffff
0,223,37,17,0,75.78,2,47.22,169,81,0,0,54,88,0.0,6.68,Fernando Aguilar,fernando-aguilar,0,1468331,Club Aurora,club-aurora,Club Aurora,0,0,33714,#52b030,#52b030,#ffffff
1,620,156,51,0,73.23,17,58.62,454,156,2,0,166,300,18.18,6.68,Carlos Áñez,carlos-anez,2,805060,Royal Pari Sion,royal-pari-sion,Royal Pari Sion,0,0,273544,#52b030,#52b030,#ffffff
4,528,76,38,1,64.02,13,42.22,338,162,9,0,190,185,24.32,6.67,Edemir Rodriguez,edemir-rodriguez,1,26121,Oriente Petrolero,oriente-petrolero,Oriente Petrolero,0,0,33820,#52b030,#52b030,#ffffff
0,49,18,0,0,79.59,2,0.0,39,10,0,0,10,29,0.0,6.67,Samuel Garzon,garzon-samuel,3,1184181,Blooming,blooming,Blooming,0,0,6968,#52b030,#52b030,#ffffff
0,294,48,32,0,82.65,13,56.14,243,114,2,1,51,131,100.0,6.67,Josué Mamani,josue-mamani,1,886573,Jorge Wilstermann,jorge-wilstermann,Jorge Wilstermann,0,0,7878,#52b030,#52b030,#ffffff
1,133,48,1,2,69.92,10,50.0,93,21,4,0,40,76,21.05,6.67,Guillermo Denis,guillermo-denis,3,1389906,CD Real Santa Cruz,cd-real-santa-cruz,CD Real Santa Cruz,0,0,327860,#52b030,#52b030,#ffffff
1,171,34,4,0,71.35,11,28.57,122,56,0,0,49,66,0.0,6.67,Franz Parada,franz-parada,1,1477488,Club Vaca Díez,club-vaca-diez,Club Vaca Díez,0,0,327910,#52b030,#52b030,#ffffff
1,453,146,11,3,77.92,28,55.0,353,96,13,0,100,270,37.14,6.67,Gustavo Peredo,gustavo-peredo,1,962856,Guabirá,guabira,Guabirá,0,0,47701,#52b030,#52b030,#ffffff
2,243,56,24,0,83.95,10,64.86,204,73,5,0,39,136,41.67,6.67,Sergio Llamas,sergio-llamas,1,268351,Guabirá,guabira,Guabirá,0,0,47701,#52b030,#52b030,#ffffff
1,45,12,0,1,91.11,2,0.0,41,24,0,0,4,17,0.0,6.67,Franz Gonzales,franz-gonzales,13,1016168,Oriente Petrolero,oriente-petrolero,Oriente Petrolero,0,0,33820,#52b030,#52b030,#ffffff
0,61,10,4,0,70.49,0,33.33,43,25,0,0,18,18,0.0,6.67,Manuel Bonilla,manuel-bonilla,0,1189882,Royal Pari Sion,royal-pari-sion,Royal Pari Sion,0,0,273544,#52b030,#52b030,#ffffff
0,137,39,6,0,85.4,5,54.55,117,41,0,0,20,76,0.0,6.66,Diego Navarro,diego-navarro,1,941618,FC Universitario de Vinto,fc-universitario-de-vinto,FC Universitario de Vinto,0,0,268082,#52b030,#52b030,#ffffff
1,415,57,23,1,73.98,2,29.49,307,149,1,0,108,159,33.33,6.66,Miguel Paredes,miguel-paredes,1,1490612,Club Vaca Díez,club-vaca-diez,Club Vaca Díez,0,0,327910,#52b030,#52b030,#ffffff
1,340,90,12,3,82.65,15,42.86,281,98,4,0,59,187,23.53,6.66,Ricardo Orihuela,ricardo-orihuela,1,975112,Palmaflor del Trópico,palmaflor-del-tropico,Palmaflor del Trópico,0,0,321264,#52b030,#52b030,#ffffff
4,581,162,23,3,81.93,18,46.94,476,175,7,0,105,308,24.14,6.66,Andrés Torrico,andres-torrico,6,1457532,Nacional Potosí,nacional-potosi,Nacional Potosí,0,0,47700,#52b030,#52b030,#ffffff
1,306,63,21,0,85.62,12,60.0,262,115,1,0,44,148,33.33,6.66,Marco Salazar,marco-salazar,15,1468161,Always Ready,always-ready,Always Ready,0,0,268083,#52b030,#52b030,#ffffff
0,756,96,66,0,67.2,6,39.76,508,290,0,0,248,218,0.0,6.66,Juan Mercado,juan-mercado,3,923030,Oriente Petrolero,oriente-petrolero,Oriente Petrolero,0,0,33820,#52b030,#52b030,#ffffff
6,486,138,12,4,65.64,26,36.36,319,99,18,0,167,238,32.14,6.66,Miguel Agustín Graneros,miguel-agustin-graneros,8,1096363,CD Real Tomayapo,cd-real-tomayapo,CD Real Tomayapo,0,0,335685,#52b030,#52b030,#ffffff
0,487,36,141,0,51.54,1,38.01,251,151,0,0,236,100,0.0,6.66,Marco Daniel Vaca,marco-daniel-vaca,1,249283,FC Libertad Gran Mamoré,fc-libertad-gran-mamore,FC Libertad Gran Mamoré,0,0,423192,#52b030,#52b030,#ffffff
2,785,157,80,1,74.65,26,55.17,586,243,9,0,199,352,25.71,6.66,Jorge Ortíz,jorge-ortiz,1,883604,CD Real Santa Cruz,cd-real-santa-cruz,CD Real Santa Cruz,0,0,327860,#52b030,#52b030,#ffffff
1,790,182,68,0,85.06,24,65.38,672,289,7,0,118,390,35.0,6.66,Sergio Villamíl,sergio-villamil,1,1184148,CD Real Tomayapo,cd-real-tomayapo,CD Real Tomayapo,0,0,335685,#52b030,#52b030,#ffffff
1,228,63,6,0,67.11,11,50.0,153,53,1,0,75,101,20.0,6.65,Federico Sellecchia,federico-sellecchia,1,1214756,Royal Pari Sion,royal-pari-sion,Royal Pari Sion,0,0,273544,#52b030,#52b030,#ffffff
1,980,134,74,0,76.53,15,44.85,750,410,12,0,230,352,29.27,6.65,Ramon Coronel,coronel-ramon,8,1085450,Palmaflor del Trópico,palmaflor-del-tropico,Palmaflor del Trópico,0,0,321264,#52b030,#52b030,#ffffff
0,125,22,6,0,56.8,1,21.43,71,36,0,0,54,35,0.0,6.65,Maximiliano Caire,maximiliano-caire,3,802389,Oriente Petrolero,oriente-petrolero,Oriente Petrolero,0,0,33820,#52b030,#52b030,#ffffff
0,191,53,7,0,73.82,9,77.78,141,49,0,0,50,92,0.0,6.65,Jorge Orozco,jorge-orozco,2,1013156,CD Real Tomayapo,cd-real-tomayapo,CD Real Tomayapo,0,0,335685,#52b030,#52b030,#ffffff
1,202,41,11,1,70.79,4,47.83,143,70,2,0,59,75,11.11,6.65,Franco Martínez,franco-martinez,19,924870,Jorge Wilstermann,jorge-wilstermann,Jorge Wilstermann,0,0,7878,#52b030,#52b030,#ffffff
0,29,8,1,0,86.21,3,100.0,25,5,1,0,4,21,50.0,6.65,Sebastian Galindo Novillo,sebastian-galindo-novillo,2,878667,Always Ready,always-ready,Always Ready,0,0,268083,#52b030,#52b030,#ffffff
0,98,11,8,0,85.71,3,88.89,84,43,1,0,14,42,50.0,6.65,Matías Galindo,matias-galindo,14,1424736,Always Ready,always-ready,Always Ready,0,0,268083,#52b030,#52b030,#ffffff
1,76,28,5,0,71.05,4,83.33,54,7,2,0,22,49,40.0,6.65,Lucas Gaúcho,lucas-gaucho,25,797562,Independiente Petrolero,independiente-petrolero,Independiente Petrolero,0,0,372975,#52b030,#52b030,#ffffff
1,191,42,13,0,79.06,8,50.0,151,61,3,0,40,93,37.5,6.65,Leandro Maygua,leandro-maygua,1,312046,CD Real Tomayapo,cd-real-tomayapo,CD Real Tomayapo,0,0,335685,#52b030,#52b030,#ffffff
0,165,47,9,1,73.33,10,56.25,121,44,6,0,44,83,42.86,6.65,Shelove Achelus,shelove-achelus,98,961899,CD Real Santa Cruz,cd-real-santa-cruz,CD Real Santa Cruz,0,0,327860,#52b030,#52b030,#ffffff
0,584,80,51,0,68.84,11,44.35,402,194,0,0,182,208,0.0,6.64,Ronny Rodríguez,ronny-rodriguez,3,818960,FC Libertad Gran Mamoré,fc-libertad-gran-mamore,FC Libertad Gran Mamoré,0,0,423192,#52b030,#52b030,#ffffff
0,113,16,6,0,67.26,0,31.58,76,40,0,0,37,36,0.0,6.64,David Moura,david-moura,1,1495614,Club Vaca Díez,club-vaca-diez,Club Vaca Díez,0,0,327910,#52b030,#52b030,#ffffff
1,393,115,19,0,76.34,10,67.86,300,95,3,0,93,208,17.65,6.64,Randerson,randerson,1,872029,Club Vaca Díez,club-vaca-diez,Club Vaca Díez,0,0,327910,#52b030,#52b030,#ffffff
1,177,59,15,0,73.45,11,60.0,130,39,2,0,47,93,20.0,6.64,Mario Barbery,mario-barbery,6,985178,FC Libertad Gran Mamoré,fc-libertad-gran-mamore,FC Libertad Gran Mamoré,0,0,423192,#52b030,#52b030,#ffffff
0,69,16,5,0,88.41,2,71.43,61,24,0,0,8,37,0.0,6.64,Christian Arano,christian-arano,1,931429,The Strongest,the-strongest,The Strongest,0,0,32529,#52b030,#52b030,#ffffff
0,220,41,10,0,75.91,5,50.0,167,83,2,0,53,86,20.0,6.64,Pablo Laredo,pablo-laredo,1,932249,FC Universitario de Vinto,fc-universitario-de-vinto,FC Universitario de Vinto,0,0,268082,#52b030,#52b030,#ffffff
1,635,80,36,0,81.1,13,40.45,515,307,8,0,120,216,34.78,6.64,Miyhel Ortiz,ortiz-miyhel,1,1092596,Palmaflor del Trópico,palmaflor-del-tropico,Palmaflor del Trópico,0,0,321264,#52b030,#52b030,#ffffff
0,336,62,16,0,82.14,9,47.06,276,129,0,0,60,147,0.0,6.64,Iván Vidaurre,ivan-vidaurre,1,973552,FC Universitario de Vinto,fc-universitario-de-vinto,FC Universitario de Vinto,0,0,268082,#52b030,#52b030,#ffffff
1,26,8,1,1,57.69,4,25.0,15,4,0,0,11,11,0.0,6.64,José Castillo,jose-castillo,1,886569,Oriente Petrolero,oriente-petrolero,Oriente Petrolero,0,0,33820,#52b030,#52b030,#ffffff
0,142,30,14,0,83.1,5,58.33,118,48,0,0,24,70,0.0,6.64,Alfredo Alanoca,alanoca-alfredo,2,1469365,Always Ready,always-ready,Always Ready,0,0,268083,#52b030,#52b030,#ffffff
0,313,31,104,0,70.61,2,53.89,221,164,0,0,92,57,0.0,6.64,Luis Cardenas,luis-cardenas,2,931393,Club Aurora,club-aurora,Club Aurora,0,0,33714,#52b030,#52b030,#ffffff
1,787,195,40,1,80.3,12,42.11,632,252,7,0,155,387,31.82,6.63,Óscar Añez,oscar-anez,3,931565,Nacional Potosí,nacional-potosi,Nacional Potosí,0,0,47700,#52b030,#52b030,#ffffff
0,302,52,18,1,81.13,5,46.15,245,114,1,0,57,132,25.0,6.63,Mario Ovando,mario-ovando,1,40070,CD Real Santa Cruz,cd-real-santa-cruz,CD Real Santa Cruz,0,0,327860,#52b030,#52b030,#ffffff
0,515,26,49,0,67.38,1,33.79,347,264,0,0,168,83,0.0,6.63,Enrique David Diaz,enrique-david-diaz,5,249293,Independiente Petrolero,independiente-petrolero,Independiente Petrolero,0,0,372975,#52b030,#52b030,#ffffff
0,319,25,27,0,75.24,0,39.13,240,157,1,0,79,84,100.0,6.63,Luis Alberto Gutierrez,luis-alberto-gutierrez,1,64884,Oriente Petrolero,oriente-petrolero,Oriente Petrolero,0,0,33820,#52b030,#52b030,#ffffff
3,342,62,18,3,71.93,5,33.33,246,112,6,0,96,140,15.0,6.63,Luis Francisco Rodriguez Zegada,luis-francisco-rodriguez-zegada,1,805447,Jorge Wilstermann,jorge-wilstermann,Jorge Wilstermann,0,0,7878,#52b030,#52b030,#ffffff
2,648,139,48,1,80.71,34,60.0,523,231,4,0,125,296,21.05,6.63,Joel Calicho,joel-calicho,1,1184199,FC Universitario de Vinto,fc-universitario-de-vinto,FC Universitario de Vinto,0,0,268082,#52b030,#52b030,#ffffff
0,285,19,44,0,79.3,1,55.0,226,175,1,0,59,52,50.0,6.63,Gabriel Valverde,gabriel-valverde,1,220983,Blooming,blooming,Blooming,0,0,6968,#52b030,#52b030,#ffffff
1,651,45,69,1,72.81,3,39.2,474,342,0,0,177,132,0.0,6.63,Richet Gomez Miranda,richet-gomez-miranda,5,1118608,Blooming,blooming,Blooming,0,0,6968,#52b030,#52b030,#ffffff
0,629,70,70,0,78.54,5,50.0,494,296,0,0,135,198,0.0,6.63,Edwin Rivera,edwin-rivera,1,868709,Independiente Petrolero,independiente-petrolero,Independiente Petrolero,0,0,372975,#52b030,#52b030,#ffffff
3,408,118,21,1,80.88,13,50.0,330,121,7,0,78,216,18.92,6.63,Heber Leanos,heber-leanos,2,846381,Nacional Potosí,nacional-potosi,Nacional Potosí,0,0,47700,#52b030,#52b030,#ffffff
2,435,107,38,2,72.87,14,48.1,317,127,4,0,118,194,22.22,6.63,Ivan Huayhuata,ivan-huayhuata,1,47219,Club Aurora,club-aurora,Club Aurora,0,0,33714,#52b030,#52b030,#ffffff
0,428,83,35,1,79.91,14,64.81,342,163,1,0,86,180,11.11,6.63,Amir Bejarano,amir-bejarano,1,1495594,FC Libertad Gran Mamoré,fc-libertad-gran-mamore,FC Libertad Gran Mamoré,0,0,423192,#52b030,#52b030,#ffffff
1,144,58,6,0,81.25,6,54.55,117,31,4,0,27,90,16.67,6.63,Layonel Figueroa,layonel-figueroa,1,975088,Guabirá,guabira,Guabirá,0,0,47701,#52b030,#52b030,#ffffff
1,267,73,8,1,77.9,11,32.0,208,71,3,0,59,140,27.27,6.62,Jose Andres Alipaz,jose-andres-alipaz,1,1457550,FC Universitario de Vinto,fc-universitario-de-vinto,FC Universitario de Vinto,0,0,268082,#52b030,#52b030,#ffffff
0,425,36,61,0,66.59,2,41.22,283,192,0,0,142,91,0.0,6.62,Wilfredo Soleto,wilfredo-soleto,5,936531,Oriente Petrolero,oriente-petrolero,Oriente Petrolero,0,0,33820,#52b030,#52b030,#ffffff
0,688,108,50,0,67.3,12,34.72,463,242,8,0,225,229,21.05,6.62,Denilson Duran,duran-denilson,8,1457544,Blooming,blooming,Blooming,0,0,6968,#52b030,#52b030,#ffffff
1,22,8,0,0,86.36,1,0.0,19,3,0,0,3,16,0.0,6.62,Juan Barba,juan-barba,0,1390320,Always Ready,always-ready,Always Ready,0,0,268083,#52b030,#52b030,#ffffff
2,769,137,54,2,66.71,24,33.13,513,216,11,0,256,308,15.07,6.62,Dico Roca,dico-roca,2,923028,Club Vaca Díez,club-vaca-diez,Club Vaca Díez,0,0,327910,#52b030,#52b030,#ffffff
1,81,27,4,1,72.84,6,57.14,59,17,5,0,22,47,31.25,6.62,Matheo Zoch,matheo-zoch,2,837062,CD Real Santa Cruz,cd-real-santa-cruz,CD Real Santa Cruz,0,0,327860,#52b030,#52b030,#ffffff
0,55,12,5,0,76.36,2,50.0,42,17,0,0,13,25,0.0,6.62,Alejandro Ampuero,ampuero-alejandro,1,1386912,Oriente Petrolero,oriente-petrolero,Oriente Petrolero,0,0,33820,#52b030,#52b030,#ffffff
1,486,101,21,0,79.42,10,36.84,386,138,8,0,100,256,24.24,6.62,Ronald Bustos,ronald-bustos,1,1114100,The Strongest,the-strongest,The Strongest,0,0,32529,#52b030,#52b030,#ffffff
0,134,34,7,0,75.37,2,77.78,101,33,0,0,33,68,0.0,6.61,Yomar Rodriguez,yomar-rodriguez,3,1128911,Bolívar,bolivar,Bolívar,0,0,7059,#52b030,#52b030,#ffffff
0,580,111,37,0,70.69,13,33.94,410,172,8,0,170,246,40.0,6.61,Daniel Castellón,daniel-castellon,1,1184156,Independiente Petrolero,independiente-petrolero,Independiente Petrolero,0,0,372975,#52b030,#52b030,#ffffff
0,201,35,7,2,79.1,12,35.0,159,59,10,0,42,110,37.04,6.61,Frank Oni,frank-oni,1,876835,FC Libertad Gran Mamoré,fc-libertad-gran-mamore,FC Libertad Gran Mamoré,0,0,423192,#52b030,#52b030,#ffffff
1,223,46,12,0,65.02,6,27.91,145,50,3,0,78,98,23.08,6.61,Imanol Cárdenas,imanol-cardenas,1,954360,CD Real Santa Cruz,cd-real-santa-cruz,CD Real Santa Cruz,0,0,327860,#52b030,#52b030,#ffffff
0,545,64,87,1,64.22,5,44.62,350,209,2,0,195,143,28.57,6.61,Drulin Cruz,drulin-cruz,1,1495618,Club Vaca Díez,club-vaca-diez,Club Vaca Díez,0,0,327910,#52b030,#52b030,#ffffff
0,230,80,13,0,84.35,6,76.47,194,53,1,0,36,142,5.26,6.6,Darío Torrico,dario-torrico,1,1093015,Club Aurora,club-aurora,Club Aurora,0,0,33714,#52b030,#52b030,#ffffff
0,679,73,96,0,69.22,6,43.64,470,273,2,0,209,199,40.0,6.6,Walter Antelo,walter-antelo,3,1000386,CD Real Santa Cruz,cd-real-santa-cruz,CD Real Santa Cruz,0,0,327860,#52b030,#52b030,#ffffff
1,188,51,12,1,76.6,8,54.55,144,55,3,0,44,92,27.27,6.6,Ronaldo Sánchez,ronaldo-sanchez,2,885601,Oriente Petrolero,oriente-petrolero,Oriente Petrolero,0,0,33820,#52b030,#52b030,#ffffff
0,170,7,15,1,71.18,1,30.61,121,93,0,0,49,28,0.0,6.6,Luis Demiquel,luis-demiquel,3,985020,Royal Pari Sion,royal-pari-sion,Royal Pari Sion,0,0,273544,#52b030,#52b030,#ffffff
0,153,48,5,1,78.43,8,62.5,120,28,2,0,33,94,28.57,6.6,Jhon García,jhon-garcia,12,927209,The Strongest,the-strongest,The Strongest,0,0,32529,#52b030,#52b030,#ffffff
0,8,2,0,0,75.0,0,0.0,6,2,0,0,2,4,0.0,6.6,Reyes Camacho,reyes-camacho,1,1394846,Royal Pari Sion,royal-pari-sion,Royal Pari Sion,0,0,273544,#52b030,#52b030,#ffffff
0,17,1,4,0,58.82,0,50.0,10,6,0,0,7,4,0.0,6.6,Brandon Guzman,brandon-guzman,0,1102013,Royal Pari Sion,royal-pari-sion,Royal Pari Sion,0,0,273544,#52b030,#52b030,#ffffff
0,1,0,0,0,0.0,0,0.0,0,0,0,0,1,0,0.0,6.6,Igor Limas,igor-limas,0,1495632,Club Aurora,club-aurora,Club Aurora,0,0,33714,#52b030,#52b030,#ffffff
0,6,1,0,0,66.67,1,0.0,4,3,0,0,2,1,0.0,6.6,Sergio Cardenas,sergio-cardenas,0,1503711,Jorge Wilstermann,jorge-wilstermann,Jorge Wilstermann,0,0,7878,#52b030,#52b030,#ffffff
0,5,1,1,0,60.0,0,50.0,3,0,0,0,2,3,0.0,6.6,Leonardo Viviani,leonardo-viviani,0,1521676,Bolívar,bolivar,Bolívar,0,0,7059,#52b030,#52b030,#ffffff
0,23,3,0,0,73.91,0,0.0,17,13,0,0,6,4,0.0,6.6,Roy Mollinedo,roy-mollinedo,0,1523704,Independiente Petrolero,independiente-petrolero,Independiente Petrolero,0,0,372975,#52b030,#52b030,#ffffff
0,16,6,0,0,81.25,1,0.0,13,2,0,0,3,11,0.0,6.6,Francescoli Bejarano,francescoli-bejarano,0,1495626,FC Libertad Gran Mamoré,fc-libertad-gran-mamore,FC Libertad Gran Mamoré,0,0,423192,#52b030,#52b030,#ffffff
0,68,16,4,0,66.18,6,57.14,45,17,4,0,23,32,30.77,6.6,Leonardo Fenga,leonardo-fenga,10,1176790,Blooming,blooming,Blooming,0,0,6968,#52b030,#52b030,#ffffff
0,6,1,2,0,83.33,0,100.0,5,3,0,0,1,2,0.0,6.6,Daniel Lino,daniel-lino,3,1184194,The Strongest,the-strongest,The Strongest,0,0,32529,#52b030,#52b030,#ffffff
0,3,0,0,0,100.0,0,0.0,3,1,0,0,0,2,0.0,6.6,Cristhian Abastoflor,cristhian-abastoflor,0,1114076,Club Aurora,club-aurora,Club Aurora,0,0,33714,#52b030,#52b030,#ffffff
0,4,1,0,0,50.0,1,0.0,2,0,1,0,2,3,100.0,6.6,Javier Ibánez,javier-ibanez,0,1495634,CD Real Tomayapo,cd-real-tomayapo,CD Real Tomayapo,0,0,335685,#52b030,#52b030,#ffffff
1,3,1,1,0,100.0,1,100.0,3,2,1,0,0,2,100.0,6.6,Jean Pierre El Hage,jean-pierre-el-hage,2,1177043,Club Vaca Díez,club-vaca-diez,Club Vaca Díez,0,0,327910,#52b030,#52b030,#ffffff
0,18,0,4,0,83.33,0,66.67,15,13,0,0,3,2,0.0,6.6,Gabriel Becerra,gabriel-becerra,1,1593987,Club Vaca Díez,club-vaca-diez,Club Vaca Díez,0,0,327910,#52b030,#52b030,#ffffff
0,23,5,1,0,86.96,0,50.0,20,4,0,0,3,16,0.0,6.6,Ferddy Roca,ferddy-roca,3,877530,Oriente Petrolero,oriente-petrolero,Oriente Petrolero,0,0,33820,#52b030,#52b030,#ffffff
0,29,8,4,0,89.66,1,80.0,26,8,2,0,3,20,28.57,6.6,Jaffet Sanchez,jaffet-sanchez,0,1499988,Palmaflor del Trópico,palmaflor-del-tropico,Palmaflor del Trópico,0,0,321264,#52b030,#52b030,#ffffff
0,176,18,10,0,87.5,3,58.82,154,89,0,0,22,65,0.0,6.6,Santiago Arce,santiago-arce,2,1114102,Always Ready,always-ready,Always Ready,0,0,268083,#52b030,#52b030,#ffffff
0,153,13,22,0,77.12,2,48.89,118,77,0,0,35,41,0.0,6.6,José Carrasco,jose-carrasco,21,1197049,The Strongest,the-strongest,The Strongest,0,0,32529,#52b030,#52b030,#ffffff
0,185,24,12,0,86.49,1,63.16,160,84,0,0,25,76,0.0,6.6,Weverton Braz,weverton-braz,1,925862,Club Vaca Díez,club-vaca-diez,Club Vaca Díez,0,0,327910,#52b030,#52b030,#ffffff
0,312,33,25,0,69.87,1,37.31,218,135,3,0,94,86,42.86,6.6,Emerson Velásquez,emerson-velasquez,2,1017425,Independiente Petrolero,independiente-petrolero,Independiente Petrolero,0,0,372975,#52b030,#52b030,#ffffff
0,455,63,45,0,77.8,9,47.37,354,173,2,0,101,183,15.38,6.6,Jesús Sagredo,jesus-sagredo,8,1017471,Bolívar,bolivar,Bolívar,0,0,7059,#52b030,#52b030,#ffffff
1,537,30,57,0,73.0,6,44.88,392,279,1,0,145,114,100.0,6.6,Ronny Montero,ronny-montero,2,127827,Palmaflor del Trópico,palmaflor-del-tropico,Palmaflor del Trópico,0,0,321264,#52b030,#52b030,#ffffff
0,233,48,6,0,80.26,7,30.0,187,89,4,0,46,102,14.29,6.59,Nils Huasna,nils-huasna,1,1485495,Palmaflor del Trópico,palmaflor-del-tropico,Palmaflor del Trópico,0,0,321264,#52b030,#52b030,#ffffff
1,466,78,38,0,82.4,9,54.29,384,182,4,0,82,206,16.67,6.59,Carlos Ribera Guzman,carlos-ribera-guzman,1,923034,FC Universitario de Vinto,fc-universitario-de-vinto,FC Universitario de Vinto,0,0,268082,#52b030,#52b030,#ffffff
0,33,7,1,0,90.91,3,100.0,30,12,1,0,3,19,33.33,6.59,Milton Garzón,milton-garzon,3,1017451,Palmaflor del Trópico,palmaflor-del-tropico,Palmaflor del Trópico,0,0,321264,#52b030,#52b030,#ffffff
0,84,23,4,0,69.05,2,66.67,58,15,0,0,26,43,0.0,6.59,Yerco Vallejos,yerco-vallejos,1,941619,Club Aurora,club-aurora,Club Aurora,0,0,33714,#52b030,#52b030,#ffffff
0,263,21,33,0,74.52,1,45.83,196,127,0,0,67,69,0.0,6.59,Mario Alberto Cuellar,mario-alberto-cuellar,1,846775,Jorge Wilstermann,jorge-wilstermann,Jorge Wilstermann,0,0,7878,#52b030,#52b030,#ffffff
2,476,89,51,0,69.75,22,44.35,332,151,5,0,144,186,12.5,6.59,Enrique Flores,enrique-flores,1,246979,Oriente Petrolero,oriente-petrolero,Oriente Petrolero,0,0,33820,#52b030,#52b030,#ffffff
2,396,101,17,1,77.27,15,37.78,306,111,16,0,90,211,51.61,6.59,Saúl Torres,saul-torres,6,878666,The Strongest,the-strongest,The Strongest,0,0,32529,#52b030,#52b030,#ffffff
0,560,94,58,2,80.18,10,61.05,449,220,5,0,111,234,26.32,6.59,Mijaíl Avilés,mijail-aviles,11,838877,Royal Pari Sion,royal-pari-sion,Royal Pari Sion,0,0,273544,#52b030,#52b030,#ffffff
1,117,38,5,0,72.65,10,83.33,85,29,0,0,32,56,0.0,6.59,Ronaldo Monteiro,ronaldo-monteiro,1,874468,FC Universitario de Vinto,fc-universitario-de-vinto,FC Universitario de Vinto,0,0,268082,#52b030,#52b030,#ffffff
0,31,10,2,0,67.74,3,100.0,21,8,0,0,10,13,0.0,6.59,Darwin Ríos,darwin-rios,1,1184191,FC Libertad Gran Mamoré,fc-libertad-gran-mamore,FC Libertad Gran Mamoré,0,0,423192,#52b030,#52b030,#ffffff
0,168,19,27,0,75.0,2,54.0,126,88,0,0,42,38,0.0,6.58,Jordy Candia,jordy-candia,1,875244,FC Universitario de Vinto,fc-universitario-de-vinto,FC Universitario de Vinto,0,0,268082,#52b030,#52b030,#ffffff
0,653,51,76,0,74.73,7,48.1,488,332,0,0,165,156,0.0,6.58,Mizael Monteiro,mizael-monteiro,1,1495666,Club Vaca Díez,club-vaca-diez,Club Vaca Díez,0,0,327910,#52b030,#52b030,#ffffff
1,163,35,7,1,79.75,5,46.67,130,56,7,0,33,81,30.43,6.58,Fabricio Quaglio,fabricio-quaglio,10,1184195,The Strongest,the-strongest,The Strongest,0,0,32529,#52b030,#52b030,#ffffff
0,57,10,5,1,68.42,4,50.0,39,18,1,0,18,22,11.11,6.58,Brandon Peña,brandon-pena,2,1495603,Independiente Petrolero,independiente-petrolero,Independiente Petrolero,0,0,372975,#52b030,#52b030,#ffffff
0,169,37,7,0,75.74,6,46.67,128,50,1,0,41,79,9.09,6.58,Dustin Maldonado,dustin-maldonado,3,75850,Club Vaca Díez,club-vaca-diez,Club Vaca Díez,0,0,327910,#52b030,#52b030,#ffffff
1,183,59,7,1,68.85,10,43.75,126,31,6,0,57,101,20.69,6.58,Alejandro Medina,alejandro-medina,1,931395,FC Libertad Gran Mamoré,fc-libertad-gran-mamore,FC Libertad Gran Mamoré,0,0,423192,#52b030,#52b030,#ffffff
0,22,5,0,0,63.64,0,0.0,14,4,1,0,8,11,100.0,6.58,Rodrigo Vargas,rodrigo-vargas,6,247121,Jorge Wilstermann,jorge-wilstermann,Jorge Wilstermann,0,0,7878,#52b030,#52b030,#ffffff
0,51,13,1,0,62.75,0,12.5,32,14,0,0,19,18,0.0,6.58,Andrés Veizaga,andres-veizaga,1,932239,CD Real Santa Cruz,cd-real-santa-cruz,CD Real Santa Cruz,0,0,327860,#52b030,#52b030,#ffffff
1,112,25,3,1,76.79,5,30.0,86,39,1,0,26,48,10.0,6.57,Ronald Cuellar,ronald-cuellar,7,979327,Blooming,blooming,Blooming,0,0,6968,#52b030,#52b030,#ffffff
0,189,46,10,0,75.13,3,58.82,142,55,0,0,47,87,0.0,6.57,Yesit Martínez,yesit-martinez,6,1173831,Independiente Petrolero,independiente-petrolero,Independiente Petrolero,0,0,372975,#52b030,#52b030,#ffffff
1,71,16,3,1,67.61,1,42.86,48,16,0,0,23,32,0.0,6.57,Luis Zeballos,zeballos-luis,1,1214769,Oriente Petrolero,oriente-petrolero,Oriente Petrolero,0,0,33820,#52b030,#52b030,#ffffff
1,72,20,3,1,70.83,1,30.0,51,13,0,0,21,38,0.0,6.57,Pablo Grass,pablo-grass,1,1198428,Independiente Petrolero,independiente-petrolero,Independiente Petrolero,0,0,372975,#52b030,#52b030,#ffffff
0,55,13,2,0,90.91,0,100.0,50,22,0,0,5,28,0.0,6.57,Ariel Flores,ariel-flores,2,1495600,Club Aurora,club-aurora,Club Aurora,0,0,33714,#52b030,#52b030,#ffffff
0,346,117,14,0,80.06,14,60.87,277,65,8,0,69,220,20.51,6.57,Kevin Salvatierra,kevin-salvatierra,1,932240,Royal Pari Sion,royal-pari-sion,Royal Pari Sion,0,0,273544,#52b030,#52b030,#ffffff
1,200,56,2,2,73.5,12,25.0,147,55,12,0,53,104,25.0,6.56,Cristhian Árabe,cristhian-arabe,5,588494,Oriente Petrolero,oriente-petrolero,Oriente Petrolero,0,0,33820,#52b030,#52b030,#ffffff
0,76,3,20,0,64.47,0,42.55,49,34,0,0,27,15,0.0,6.56,Bruno Poveda,bruno-poveda,3,1169063,Jorge Wilstermann,jorge-wilstermann,Jorge Wilstermann,0,0,7878,#52b030,#52b030,#ffffff
0,155,8,42,0,52.9,0,36.84,82,51,0,0,73,31,0.0,6.56,Enzo Rodriguez,enzo-rodriguez,2,1464252,Club Vaca Díez,club-vaca-diez,Club Vaca Díez,0,0,327910,#52b030,#52b030,#ffffff
0,473,92,26,0,78.86,6,53.06,373,165,1,0,100,209,16.67,6.56,Samuel Pozo,samuel-pozo,1,1017443,CD Real Santa Cruz,cd-real-santa-cruz,CD Real Santa Cruz,0,0,327860,#52b030,#52b030,#ffffff
0,390,28,51,0,67.95,0,39.84,265,193,0,0,125,72,0.0,6.56,Yosimar Quiñónes,yosimar-quinones,9,886712,Club Vaca Díez,club-vaca-diez,Club Vaca Díez,0,0,327910,#52b030,#52b030,#ffffff
1,236,68,8,2,68.22,18,36.36,161,44,5,0,75,122,18.52,6.56,Denilso Fernandez,denilso-fernandez,1,1495615,FC Libertad Gran Mamoré,fc-libertad-gran-mamore,FC Libertad Gran Mamoré,0,0,423192,#52b030,#52b030,#ffffff
1,144,48,9,0,77.08,10,69.23,111,37,2,0,33,76,15.38,6.56,David Ribera,david-ribera,1,1102022,Royal Pari Sion,royal-pari-sion,Royal Pari Sion,0,0,273544,#52b030,#52b030,#ffffff
0,333,36,63,0,63.96,3,42.0,213,131,1,0,120,83,50.0,6.56,Jonathan Lacerda,jonathan-lacerda,23,108190,Blooming,blooming,Blooming,0,0,6968,#52b030,#52b030,#ffffff
1,690,143,37,2,75.65,17,45.12,522,237,8,0,168,293,17.39,6.56,Oscar Baldomar,oscar-baldomar,1,805218,Palmaflor del Trópico,palmaflor-del-tropico,Palmaflor del Trópico,0,0,321264,#52b030,#52b030,#ffffff
0,478,49,32,0,68.62,8,35.16,328,166,1,0,150,163,50.0,6.55,Juan Gómez,juan-gomez,1,1495644,FC Libertad Gran Mamoré,fc-libertad-gran-mamore,FC Libertad Gran Mamoré,0,0,423192,#52b030,#52b030,#ffffff
2,579,81,41,4,65.28,18,32.8,378,189,15,0,201,204,22.73,6.55,Joel Fernández,joel-fernandez,2,978012,Club Vaca Díez,club-vaca-diez,Club Vaca Díez,0,0,327910,#52b030,#52b030,#ffffff
0,31,3,1,0,64.52,0,25.0,20,9,0,0,11,11,0.0,6.55,Richard Peñaranda,richard-penaranda,1,975113,CD Real Santa Cruz,cd-real-santa-cruz,CD Real Santa Cruz,0,0,327860,#52b030,#52b030,#ffffff
0,25,1,2,0,68.0,0,40.0,17,10,0,0,8,7,0.0,6.55,Kadassi Trazie,kadassi-trazie,0,1495648,FC Libertad Gran Mamoré,fc-libertad-gran-mamore,FC Libertad Gran Mamoré,0,0,423192,#52b030,#52b030,#ffffff
0,236,18,56,0,49.58,0,32.56,117,80,0,0,119,37,0.0,6.55,Jorge Arauz,jorge-arauz,1,815441,Royal Pari Sion,royal-pari-sion,Royal Pari Sion,0,0,273544,#52b030,#52b030,#ffffff
0,26,12,1,0,69.23,0,50.0,18,4,0,0,8,14,0.0,6.54,Bismark Ubah,bismark-ubah,3,1102014,Jorge Wilstermann,jorge-wilstermann,Jorge Wilstermann,0,0,7878,#52b030,#52b030,#ffffff
0,462,66,36,0,70.35,11,38.71,325,154,6,0,137,177,23.08,6.54,Omar Morales,omar-morales,1,39341,Independiente Petrolero,independiente-petrolero,Independiente Petrolero,0,0,372975,#52b030,#52b030,#ffffff
0,31,9,1,0,70.97,4,20.0,22,5,2,0,9,19,40.0,6.54,Mauricio Arroyo,mauricio-arroyo,1,1495663,Independiente Petrolero,independiente-petrolero,Independiente Petrolero,0,0,372975,#52b030,#52b030,#ffffff
0,611,81,74,0,73.16,3,44.31,447,246,3,0,164,204,30.0,6.54,Bryan Bentaberry,bryan-bentaberry,39,877589,Bolívar,bolivar,Bolívar,0,0,7059,#52b030,#52b030,#ffffff
0,241,22,21,0,79.67,0,61.76,192,123,0,0,49,69,0.0,6.54,Mauricio Serrano,mauricio-serrano,1,1462160,Palmaflor del Trópico,palmaflor-del-tropico,Palmaflor del Trópico,0,0,321264,#52b030,#52b030,#ffffff
0,51,16,1,1,62.75,5,25.0,32,7,1,0,19,26,33.33,6.54,Gabriel Poveda,gabriel-poveda,308,937806,Bolívar,bolivar,Bolívar,0,0,7059,#52b030,#52b030,#ffffff
0,21,5,0,0,66.67,1,0.0,14,4,0,0,7,10,0.0,6.54,Jose Bravo,jose-bravo,2,1394161,CD Real Santa Cruz,cd-real-santa-cruz,CD Real Santa Cruz,0,0,327860,#52b030,#52b030,#ffffff
0,252,55,10,0,85.32,3,45.45,215,102,1,0,37,114,14.29,6.54,Hernan Luis Rodriguez,hernan-luis-rodriguez,1,805224,CD Real Tomayapo,cd-real-tomayapo,CD Real Tomayapo,0,0,335685,#52b030,#52b030,#ffffff
1,45,12,0,0,73.33,4,0.0,33,11,2,0,12,24,100.0,6.54,Ricardo Pedriel,ricardo-pedriel,7,33709,Independiente Petrolero,independiente-petrolero,Independiente Petrolero,0,0,372975,#52b030,#52b030,#ffffff
0,7,0,0,0,57.14,0,0.0,4,4,0,0,3,0,0.0,6.53,Luis Coplot,luis-coplot,0,1488633,CD Real Santa Cruz,cd-real-santa-cruz,CD Real Santa Cruz,0,0,327860,#52b030,#52b030,#ffffff
0,131,19,10,0,82.44,5,62.5,108,51,2,0,23,59,25.0,6.53,Ariel Juarez,ariel-juarez,1,40939,Jorge Wilstermann,jorge-wilstermann,Jorge Wilstermann,0,0,7878,#52b030,#52b030,#ffffff
0,211,13,20,0,80.57,2,48.78,170,121,0,0,41,49,0.0,6.53,Luis Haquín,luis-haquin,62,876304,Bolívar,bolivar,Bolívar,0,0,7059,#52b030,#52b030,#ffffff
0,115,16,4,0,70.43,0,28.57,81,47,1,0,34,35,12.5,6.53,Adrian Sandoval Lopez,sandoval-lopez-adrian,1,1397693,Oriente Petrolero,oriente-petrolero,Oriente Petrolero,0,0,33820,#52b030,#52b030,#ffffff
0,86,10,10,0,65.12,0,38.46,56,34,2,0,30,24,40.0,6.53,Claver Arriaga,claver-arriaga,0,1495611,FC Libertad Gran Mamoré,fc-libertad-gran-mamore,FC Libertad Gran Mamoré,0,0,423192,#52b030,#52b030,#ffffff
0,79,28,1,1,70.89,2,20.0,56,13,1,0,23,44,12.5,6.53,Guilmar Centella,guilmar-centella,1,1457541,Blooming,blooming,Blooming,0,0,6968,#52b030,#52b030,#ffffff
0,71,20,2,0,71.83,2,50.0,51,10,2,0,20,43,28.57,6.53,Rodrigo Vargas,rodrigo-vargas,3,146389,FC Universitario de Vinto,fc-universitario-de-vinto,FC Universitario de Vinto,0,0,268082,#52b030,#52b030,#ffffff
2,132,33,4,1,80.3,9,44.44,106,34,1,0,26,73,11.11,6.52,Denilson Valda,denilson-valda,2,868704,The Strongest,the-strongest,The Strongest,0,0,32529,#52b030,#52b030,#ffffff
1,330,34,39,0,67.27,3,36.11,222,150,0,0,108,72,0.0,6.52,Abraham Cabrera,abraham-cabrera,1,146379,Blooming,blooming,Blooming,0,0,6968,#52b030,#52b030,#ffffff
0,44,7,1,0,59.09,0,8.33,26,7,0,0,18,19,0.0,6.52,Diego Panique,diego-panique,1,886597,CD Real Santa Cruz,cd-real-santa-cruz,CD Real Santa Cruz,0,0,327860,#52b030,#52b030,#ffffff
1,572,129,65,0,78.15,13,58.56,447,181,2,0,125,268,18.18,6.52,Victor Hugo Melgar,victor-hugo-melgar,3,147470,Independiente Petrolero,independiente-petrolero,Independiente Petrolero,0,0,372975,#52b030,#52b030,#ffffff
1,197,41,8,0,73.6,8,47.06,145,55,2,0,52,92,50.0,6.52,José Briceño,jose-briceno,2,1147179,Club Vaca Díez,club-vaca-diez,Club Vaca Díez,0,0,327910,#52b030,#52b030,#ffffff
0,23,6,2,0,65.22,1,50.0,15,5,0,0,8,10,0.0,6.52,Nixon Guylherme,nixon-guylherme,5,1098807,CD Real Tomayapo,cd-real-tomayapo,CD Real Tomayapo,0,0,335685,#52b030,#52b030,#ffffff
0,41,13,3,0,75.61,4,50.0,31,11,0,0,10,20,0.0,6.52,Bryan Espinoza,bryan-espinoza,3,1197418,Always Ready,always-ready,Always Ready,0,0,268083,#52b030,#52b030,#ffffff
0,325,64,23,0,67.69,9,37.7,220,90,8,0,105,138,34.78,6.52,Mauricio Cabral,mauricio-cabral,1,980812,Guabirá,guabira,Guabirá,0,0,47701,#52b030,#52b030,#ffffff
0,315,25,26,0,74.92,3,40.63,236,163,0,0,79,73,0.0,6.52,Juan Sebastián Reyes,juan-sebastian-reyes,3,876826,Oriente Petrolero,oriente-petrolero,Oriente Petrolero,0,0,33820,#52b030,#52b030,#ffffff
1,105,19,0,0,77.14,1,0.0,81,31,0,0,24,50,0.0,6.51,Diego Wayar,diego-wayar,7,221800,The Strongest,the-strongest,The Strongest,0,0,32529,#52b030,#52b030,#ffffff
1,75,20,1,1,70.67,5,33.33,53,18,1,0,22,36,33.33,6.51,Javier Vargas,vargas-javier,6,1468324,Oriente Petrolero,oriente-petrolero,Oriente Petrolero,0,0,33820,#52b030,#52b030,#ffffff
0,488,83,22,1,79.71,8,40.74,389,198,6,0,99,197,21.43,6.51,Kevin Mamani,kevin-mamani,4,1495650,CD Real Tomayapo,cd-real-tomayapo,CD Real Tomayapo,0,0,335685,#52b030,#52b030,#ffffff
1,440,100,20,0,80.91,12,66.67,356,151,2,0,84,207,16.67,6.51,Amilcar Sanchez,amilcar-sanchez,0,561244,Club Aurora,club-aurora,Club Aurora,0,0,33714,#52b030,#52b030,#ffffff
0,436,112,33,2,76.61,10,44.59,334,122,2,0,102,214,8.33,6.51,Alexander Zurita Torrico,alexander-zurita-torrico,2,1109295,Royal Pari Sion,royal-pari-sion,Royal Pari Sion,0,0,273544,#52b030,#52b030,#ffffff
0,208,42,19,1,64.42,10,33.93,134,41,12,0,74,105,37.5,6.51,Jorge Vargas,jorge-vargas,0,1495642,FC Libertad Gran Mamoré,fc-libertad-gran-mamore,FC Libertad Gran Mamoré,0,0,423192,#52b030,#52b030,#ffffff
0,340,65,23,0,81.18,8,54.76,276,116,3,0,64,163,15.79,6.51,Rai Lima,rai-lima,2,1147180,Palmaflor del Trópico,palmaflor-del-tropico,Palmaflor del Trópico,0,0,321264,#52b030,#52b030,#ffffff
0,2,0,0,0,50.0,0,0.0,1,1,0,0,1,0,0.0,6.5,Diego Cabrera,diego-cabrera,2,1177427,Oriente Petrolero,oriente-petrolero,Oriente Petrolero,0,0,33820,#52b030,#52b030,#ffffff
0,16,4,0,0,81.25,0,0.0,13,5,0,0,3,8,0.0,6.5,Alan Sanchez,alan-sanchez,2,1184173,Always Ready,always-ready,Always Ready,0,0,268083,#52b030,#52b030,#ffffff
0,12,1,0,0,33.33,0,0.0,4,2,0,0,8,2,0.0,6.5,Luis Flores,luis-flores,0,1503866,Independiente Petrolero,independiente-petrolero,Independiente Petrolero,0,0,372975,#52b030,#52b030,#ffffff
0,11,4,1,0,81.82,1,100.0,9,4,0,0,2,5,0.0,6.5,Camilo Mamani,camilo-mamani,0,1510596,Independiente Petrolero,independiente-petrolero,Independiente Petrolero,0,0,372975,#52b030,#52b030,#ffffff
0,17,3,0,0,64.71,1,0.0,11,3,0,0,6,8,0.0,6.5,Alain de Guzman,de-guzman-alain,3,1169070,Oriente Petrolero,oriente-petrolero,Oriente Petrolero,0,0,33820,#52b030,#52b030,#ffffff
0,36,5,4,0,69.44,2,80.0,25,13,0,0,11,12,0.0,6.5,Yeffry Paz,yeffry-paz,1,1507621,Independiente Petrolero,independiente-petrolero,Independiente Petrolero,0,0,372975,#52b030,#52b030,#ffffff
0,49,5,7,0,69.39,0,63.64,34,13,0,0,15,21,0.0,6.5,Joel Bejarano,joel-bejarano,1,831013,Jorge Wilstermann,jorge-wilstermann,Jorge Wilstermann,0,0,7878,#52b030,#52b030,#ffffff
0,17,4,1,0,52.94,0,100.0,9,1,0,0,8,8,0.0,6.5,William Velasco,william-velasco,1,1000740,Independiente Petrolero,independiente-petrolero,Independiente Petrolero,0,0,372975,#52b030,#52b030,#ffffff
0,119,14,47,0,64.71,1,53.41,77,52,0,0,42,25,0.0,6.5,Ivan Brun,ivan-brun,2,876823,Independiente Petrolero,independiente-petrolero,Independiente Petrolero,0,0,372975,#52b030,#52b030,#ffffff
0,63,9,0,0,65.08,0,0.0,41,19,0,0,22,22,0.0,6.5,Andre Sosa,andre-sosa,2,1169062,Oriente Petrolero,oriente-petrolero,Oriente Petrolero,0,0,33820,#52b030,#52b030,#ffffff
0,53,9,6,0,67.92,0,46.15,36,12,1,0,17,25,25.0,6.5,Pedro Martínez,pedro-martinez,0,1184215,CD Real Tomayapo,cd-real-tomayapo,CD Real Tomayapo,0,0,335685,#52b030,#52b030,#ffffff
0,14,2,1,0,78.57,0,50.0,11,6,0,0,3,5,0.0,6.5,Junior Da Silva,junior-da-silva,1,1092690,Jorge Wilstermann,jorge-wilstermann,Jorge Wilstermann,0,0,7878,#52b030,#52b030,#ffffff
0,2,0,0,0,100.0,0,0.0,2,1,0,0,0,1,0.0,6.5,Fabricio Suárez,fabricio-suarez,1,1189878,Royal Pari Sion,royal-pari-sion,Royal Pari Sion,0,0,273544,#52b030,#52b030,#ffffff
0,1,0,0,0,100.0,0,0.0,1,1,0,0,0,0,0.0,6.5,Raul Stefano,raul-stefano,0,1116574,CD Real Santa Cruz,cd-real-santa-cruz,CD Real Santa Cruz,0,0,327860,#52b030,#52b030,#ffffff
0,1,0,0,0,100.0,0,0.0,1,0,0,0,0,1,0.0,6.5,David Ramírez,david-ramirez,0,1475507,Palmaflor del Trópico,palmaflor-del-tropico,Palmaflor del Trópico,0,0,321264,#52b030,#52b030,#ffffff
0,9,4,0,0,77.78,1,0.0,7,1,0,0,2,6,0.0,6.5,José Herrera,jose-herrera,1,1169068,FC Libertad Gran Mamoré,fc-libertad-gran-mamore,FC Libertad Gran Mamoré,0,0,423192,#52b030,#52b030,#ffffff
0,6,2,0,0,66.67,0,0.0,4,2,0,0,2,2,0.0,6.5,Wayner Vaca,wayner-vaca,1,1510216,Club Vaca Díez,club-vaca-diez,Club Vaca Díez,0,0,327910,#52b030,#52b030,#ffffff
1,24,5,4,0,58.33,2,80.0,14,4,1,0,10,11,16.67,6.5,Guilder Cuellar,guilder-cuellar,0,1510599,FC Universitario de Vinto,fc-universitario-de-vinto,FC Universitario de Vinto,0,0,268082,#52b030,#52b030,#ffffff
0,391,71,28,0,70.08,7,34.57,274,115,10,0,117,169,21.74,6.5,Santos Navarro,santos-navarro,1,1017441,Guabirá,guabira,Guabirá,0,0,47701,#52b030,#52b030,#ffffff
0,654,90,69,1,75.08,5,42.59,491,280,2,0,163,213,25.0,6.49,Marcelo Suárez,marcelo-suarez,11,975103,Always Ready,always-ready,Always Ready,0,0,268083,#52b030,#52b030,#ffffff
1,668,95,49,1,56.44,20,24.02,377,187,4,0,291,194,9.3,6.49,Sergio Gil,sergio-gil,1,840988,FC Libertad Gran Mamoré,fc-libertad-gran-mamore,FC Libertad Gran Mamoré,0,0,423192,#52b030,#52b030,#ffffff
0,325,18,20,0,73.23,4,28.99,238,168,1,0,87,71,50.0,6.49,Paolo Alcocer,paolo-alcocer,3,975110,Palmaflor del Trópico,palmaflor-del-tropico,Palmaflor del Trópico,0,0,321264,#52b030,#52b030,#ffffff
0,209,46,13,0,66.99,3,36.11,140,53,2,0,69,89,25.0,6.49,Denilson Choque,denilson-choque,1,1197423,CD Real Santa Cruz,cd-real-santa-cruz,CD Real Santa Cruz,0,0,327860,#52b030,#52b030,#ffffff
0,108,31,11,0,83.33,2,68.75,90,31,1,0,18,60,50.0,6.49,Moisés Villarroel,moises-villarroel,50,824930,Bolívar,bolivar,Bolívar,0,0,7059,#52b030,#52b030,#ffffff
0,497,22,44,0,71.43,0,41.51,355,264,0,0,142,91,0.0,6.49,Jeferson Virreira Cossio,jeferson-virreira-cossio,1,975078,FC Libertad Gran Mamoré,fc-libertad-gran-mamore,FC Libertad Gran Mamoré,0,0,423192,#52b030,#52b030,#ffffff
1,181,39,4,1,68.51,9,18.18,124,43,6,0,57,87,17.65,6.49,Gerson Malgor,gerson-malgor,1,1104156,CD Real Santa Cruz,cd-real-santa-cruz,CD Real Santa Cruz,0,0,327860,#52b030,#52b030,#ffffff
0,110,20,10,0,77.27,4,66.67,85,38,1,0,25,48,14.29,6.48,Jhon Velasco,jhon-velasco,15,1159650,Guabirá,guabira,Guabirá,0,0,47701,#52b030,#52b030,#ffffff
0,205,58,10,0,79.02,3,50.0,162,67,0,0,43,95,0.0,6.48,Hugo Salvatierra,hugo-salvatierra,2,1102027,Guabirá,guabira,Guabirá,0,0,47701,#52b030,#52b030,#ffffff
0,311,30,19,0,71.06,2,27.54,221,131,6,0,90,96,26.09,6.48,Leonardo Justiniano,leonardo-justiniano,1,1017466,CD Real Tomayapo,cd-real-tomayapo,CD Real Tomayapo,0,0,335685,#52b030,#52b030,#ffffff
0,79,14,4,0,64.56,6,44.44,51,23,4,0,28,32,50.0,6.48,Pablo Lujan,pablo-lujan,2,1013157,Blooming,blooming,Blooming,0,0,6968,#52b030,#52b030,#ffffff
0,41,0,4,0,60.98,0,28.57,25,23,0,0,16,2,0.0,6.48,Jorge Leonardo Toco,jorge-leonardo-toco,2,805339,Independiente Petrolero,independiente-petrolero,Independiente Petrolero,0,0,372975,#52b030,#52b030,#ffffff
0,63,25,7,0,77.78,1,70.0,49,7,0,0,14,42,0.0,6.48,Mirko Tomianovic,mirko-tomianovic,5,1008537,Royal Pari Sion,royal-pari-sion,Royal Pari Sion,0,0,273544,#52b030,#52b030,#ffffff
0,204,47,11,0,76.47,11,40.74,156,62,8,0,48,102,50.0,6.47,Luis Rodríguez,luis-rodriguez,2,1108720,Palmaflor del Trópico,palmaflor-del-tropico,Palmaflor del Trópico,0,0,321264,#52b030,#52b030,#ffffff
0,93,15,8,0,62.37,2,40.0,58,28,0,0,35,30,0.0,6.47,Leonardo Montenegro,leonardo-montenegro,1,1495652,FC Libertad Gran Mamoré,fc-libertad-gran-mamore,FC Libertad Gran Mamoré,0,0,423192,#52b030,#52b030,#ffffff
0,359,53,13,0,77.44,5,48.15,278,136,2,0,81,144,66.67,6.47,Victor Borobobo,victor-borobobo,1,1495683,Club Vaca Díez,club-vaca-diez,Club Vaca Díez,0,0,327910,#52b030,#52b030,#ffffff
1,166,39,4,0,62.65,12,44.44,104,46,1,0,62,59,20.0,6.47,César Menacho,cesar-menacho,7,944161,Blooming,blooming,Blooming,0,0,6968,#52b030,#52b030,#ffffff
0,17,3,3,0,82.35,0,60.0,14,8,0,0,3,6,0.0,6.47,Kevin Pontons,kevin-pontons,1,1184207,Club Vaca Díez,club-vaca-diez,Club Vaca Díez,0,0,327910,#52b030,#52b030,#ffffff
0,18,4,0,0,83.33,0,0.0,15,7,0,0,3,8,0.0,6.47,Marcelo De Lima,marcelo-de-lima,1,1457552,Always Ready,always-ready,Always Ready,0,0,268083,#52b030,#52b030,#ffffff
0,36,1,0,0,72.22,0,0.0,26,12,1,0,10,15,100.0,6.46,Kevin Fernández,kevin-fernandez,1,931640,Palmaflor del Trópico,palmaflor-del-tropico,Palmaflor del Trópico,0,0,321264,#52b030,#52b030,#ffffff
0,18,4,1,0,88.89,1,50.0,16,10,1,0,2,7,25.0,6.45,Damian Medina,damian-medina,1,1471233,Always Ready,always-ready,Always Ready,0,0,268083,#52b030,#52b030,#ffffff
0,26,5,1,0,76.92,0,25.0,20,12,0,0,6,8,0.0,6.45,Juan Alemán,juan-aleman,1,1495643,FC Libertad Gran Mamoré,fc-libertad-gran-mamore,FC Libertad Gran Mamoré,0,0,423192,#52b030,#52b030,#ffffff
0,16,6,1,0,93.75,0,100.0,15,6,0,0,1,9,0.0,6.45,Raúl Rocabado,raul-rocabado,1,1468163,Always Ready,always-ready,Always Ready,0,0,268083,#52b030,#52b030,#ffffff
0,8,2,0,0,62.5,0,0.0,5,3,0,0,3,2,0.0,6.45,Jorge Carreón,jorge-carreon,3,1010408,CD Real Santa Cruz,cd-real-santa-cruz,CD Real Santa Cruz,0,0,327860,#52b030,#52b030,#ffffff
0,12,3,1,0,58.33,0,100.0,7,3,0,0,5,4,0.0,6.45,Henry Torrez,henry-torrez,0,885623,FC Libertad Gran Mamoré,fc-libertad-gran-mamore,FC Libertad Gran Mamoré,0,0,423192,#52b030,#52b030,#ffffff
0,40,20,2,0,87.5,4,66.67,35,5,0,0,5,30,0.0,6.45,Edson Perez,edson-perez,2,246989,Independiente Petrolero,independiente-petrolero,Independiente Petrolero,0,0,372975,#52b030,#52b030,#ffffff
0,466,63,27,0,63.95,12,27.27,298,145,7,0,168,160,35.0,6.45,Dieguito Rodríguez,dieguito-rodriguez,1,1495617,FC Libertad Gran Mamoré,fc-libertad-gran-mamore,FC Libertad Gran Mamoré,0,0,423192,#52b030,#52b030,#ffffff
0,183,49,12,0,71.04,4,52.17,130,44,5,0,53,91,20.83,6.45,Javier Guerra,javier-guerra,2,1394851,Palmaflor del Trópico,palmaflor-del-tropico,Palmaflor del Trópico,0,0,321264,#52b030,#52b030,#ffffff
0,149,58,9,0,67.11,15,60.0,100,23,3,0,49,80,17.65,6.44,Juan Montenegro,juan-montenegro,3,923033,Guabirá,guabira,Guabirá,0,0,47701,#52b030,#52b030,#ffffff
0,444,79,20,0,70.27,7,31.25,312,153,8,0,132,167,23.53,6.44,Miguel Angel Becerra,becerra-miguel-angel,1,1092597,Blooming,blooming,Blooming,0,0,6968,#52b030,#52b030,#ffffff
0,5,2,0,0,80.0,0,0.0,4,2,0,0,1,2,0.0,6.43,Adrian Pacheco,adrian-pacheco,1,1499986,Jorge Wilstermann,jorge-wilstermann,Jorge Wilstermann,0,0,7878,#52b030,#52b030,#ffffff
1,731,73,63,1,69.49,9,36.21,508,305,5,0,223,208,35.71,6.43,César Romero,romero-cesar,4,1457547,Blooming,blooming,Blooming,0,0,6968,#52b030,#52b030,#ffffff
1,190,35,15,2,68.42,3,39.47,130,62,3,0,60,71,23.08,6.43,Samuel Guzman Camargo,samuel-guzman-camargo,3,973569,Oriente Petrolero,oriente-petrolero,Oriente Petrolero,0,0,33820,#52b030,#52b030,#ffffff
0,172,7,13,0,88.37,2,52.0,152,127,0,0,20,25,0.0,6.43,Guimer Justiniano,guimer-justiniano,1,923024,Blooming,blooming,Blooming,0,0,6968,#52b030,#52b030,#ffffff
0,32,7,0,0,68.75,1,0.0,22,7,1,0,10,16,100.0,6.43,Ricardo Menacho,ricardo-menacho,1,1471256,Oriente Petrolero,oriente-petrolero,Oriente Petrolero,0,0,33820,#52b030,#52b030,#ffffff
0,24,5,4,0,66.67,1,80.0,16,6,2,0,8,12,50.0,6.42,Moises Calero,moises-calero,1,929291,FC Universitario de Vinto,fc-universitario-de-vinto,FC Universitario de Vinto,0,0,268082,#52b030,#52b030,#ffffff
0,30,6,0,0,83.33,0,0.0,25,12,0,0,5,13,0.0,6.4,Mario Perez,mario-perez,0,1465093,Blooming,blooming,Blooming,0,0,6968,#52b030,#52b030,#ffffff
0,2,1,0,0,50.0,0,0.0,1,0,0,0,1,1,0.0,6.4,Edson García,edson-garcia,0,1510857,Palmaflor del Trópico,palmaflor-del-tropico,Palmaflor del Trópico,0,0,321264,#52b030,#52b030,#ffffff
0,19,1,3,0,73.68,0,60.0,14,11,0,0,5,3,0.0,6.4,Harry Céspedes,harry-cespedes,3,964229,Guabirá,guabira,Guabirá,0,0,47701,#52b030,#52b030,#ffffff
0,13,3,1,0,61.54,0,50.0,8,1,0,0,5,7,0.0,6.4,Jose Carlos Velasco Moreno,jose-carlos-velasco-moreno,0,1093524,Oriente Petrolero,oriente-petrolero,Oriente Petrolero,0,0,33820,#52b030,#52b030,#ffffff
0,33,6,1,0,66.67,1,100.0,22,10,0,0,11,12,0.0,6.4,Gabriel Ríos,gabriel-rios,2,883602,FC Libertad Gran Mamoré,fc-libertad-gran-mamore,FC Libertad Gran Mamoré,0,0,423192,#52b030,#52b030,#ffffff
0,40,13,0,0,82.5,1,0.0,33,4,0,0,7,29,0.0,6.4,Diego Arando,diego-arando,0,1495616,Independiente Petrolero,independiente-petrolero,Independiente Petrolero,0,0,372975,#52b030,#52b030,#ffffff
0,3,2,0,0,100.0,0,0.0,3,0,0,0,0,3,0.0,6.4,Marcelo Somoya,marcelo-somoya,2,1483011,The Strongest,the-strongest,The Strongest,0,0,32529,#52b030,#52b030,#ffffff
0,7,0,0,0,85.71,0,0.0,6,2,0,0,1,4,0.0,6.4,Ronald Sagredo,ronald-sagredo,0,1495678,CD Real Tomayapo,cd-real-tomayapo,CD Real Tomayapo,0,0,335685,#52b030,#52b030,#ffffff
0,13,7,0,0,76.92,0,0.0,10,3,0,0,3,7,0.0,6.4,Diego Valverde,diego-valverde,2,1177040,Royal Pari Sion,royal-pari-sion,Royal Pari Sion,0,0,273544,#52b030,#52b030,#ffffff
0,247,11,34,0,65.18,0,35.05,161,124,0,0,86,37,0.0,6.39,Grovert Carrillo,grovert-carrillo,0,1495629,FC Libertad Gran Mamoré,fc-libertad-gran-mamore,FC Libertad Gran Mamoré,0,0,423192,#52b030,#52b030,#ffffff
1,129,15,7,1,66.67,4,33.33,86,52,3,0,43,37,37.5,6.39,Ronald Gil,ronald-gil,0,1471660,Guabirá,guabira,Guabirá,0,0,47701,#52b030,#52b030,#ffffff
0,104,10,8,0,68.27,1,25.0,71,49,1,0,33,23,50.0,6.38,Saul Severiche,severiche-saul,1,1184185,Blooming,blooming,Blooming,0,0,6968,#52b030,#52b030,#ffffff
0,40,4,1,0,80.0,0,16.67,32,18,0,0,8,14,0.0,6.38,Sergio Moruno,sergio-moruno,0,1184190,Club Aurora,club-aurora,Club Aurora,0,0,33714,#52b030,#52b030,#ffffff
0,51,15,1,0,70.59,3,25.0,36,11,0,0,15,25,0.0,6.38,Cristian Fernandez,cristian-fernandez,5,1464250,Guabirá,guabira,Guabirá,0,0,47701,#52b030,#52b030,#ffffff
0,21,7,0,0,76.19,1,0.0,16,4,0,0,5,12,0.0,6.38,Ramiro Eguez,ramiro-eguez,2,1457554,Blooming,blooming,Blooming,0,0,6968,#52b030,#52b030,#ffffff
0,47,3,2,0,63.83,0,18.18,30,24,0,0,17,6,0.0,6.37,Anderson Rey Salinas,anderson-rey-salinas,1,891844,CD Real Santa Cruz,cd-real-santa-cruz,CD Real Santa Cruz,0,0,327860,#52b030,#52b030,#ffffff
0,142,22,7,0,65.49,1,30.43,93,46,1,0,49,48,25.0,6.37,Ayrton Paz,ayrton-paz,2,1177426,Oriente Petrolero,oriente-petrolero,Oriente Petrolero,0,0,33820,#52b030,#52b030,#ffffff
0,202,42,11,0,84.65,3,91.67,171,77,3,0,31,97,37.5,6.37,Daniel Camacho,daniel-camacho,6,874465,FC Universitario de Vinto,fc-universitario-de-vinto,FC Universitario de Vinto,0,0,268082,#52b030,#52b030,#ffffff
0,15,1,0,0,86.67,0,0.0,13,9,0,0,2,4,0.0,6.37,Andrée Gustavo Navia Rios,andree-gustavo-navia-rios,0,1495596,CD Real Santa Cruz,cd-real-santa-cruz,CD Real Santa Cruz,0,0,327860,#52b030,#52b030,#ffffff
0,23,7,1,0,73.91,0,50.0,17,3,0,0,6,14,0.0,6.36,Luis Condarco,luis-condarco,0,1495655,CD Real Santa Cruz,cd-real-santa-cruz,CD Real Santa Cruz,0,0,327860,#52b030,#52b030,#ffffff
0,35,5,2,0,77.14,1,50.0,27,11,1,0,8,17,100.0,6.35,Marlon Esterilla,marlon-esterilla,3,1477489,Club Vaca Díez,club-vaca-diez,Club Vaca Díez,0,0,327910,#52b030,#52b030,#ffffff
0,19,2,1,0,52.63,0,16.67,10,7,0,0,9,3,0.0,6.35,Juan Daniel Ferrufino,ferrufino-juan-daniel,1,1009953,Blooming,blooming,Blooming,0,0,6968,#52b030,#52b030,#ffffff
0,56,10,5,0,64.29,2,41.67,36,16,0,0,20,20,0.0,6.35,Cristhian Choque,cristhian-choque,1,932913,Independiente Petrolero,independiente-petrolero,Independiente Petrolero,0,0,372975,#52b030,#52b030,#ffffff
0,76,3,6,0,56.58,0,40.0,43,23,0,0,33,20,0.0,6.34,Lazaro Crecencio,lazaro-crecencio,0,1490613,Club Vaca Díez,club-vaca-diez,Club Vaca Díez,0,0,327910,#52b030,#52b030,#ffffff
0,53,11,2,0,73.58,1,40.0,39,13,1,0,14,27,25.0,6.34,José Flores,jose-flores,14,1114093,The Strongest,the-strongest,The Strongest,0,0,32529,#52b030,#52b030,#ffffff
1,19,5,0,1,52.63,1,0.0,10,2,0,0,9,8,0.0,6.33,Adrián Peña,adrian-pena,8,1000475,Oriente Petrolero,oriente-petrolero,Oriente Petrolero,0,0,33820,#52b030,#52b030,#ffffff
0,21,2,4,0,47.62,0,26.67,10,8,0,0,11,2,0.0,6.3,Diego Valdivia,valdivia-diego,1,975066,Oriente Petrolero,oriente-petrolero,Oriente Petrolero,0,0,33820,#52b030,#52b030,#ffffff
0,11,0,1,0,36.36,0,20.0,4,2,0,0,7,2,0.0,6.3,Pablo Galindo,pablo-galindo,1,1116476,CD Real Tomayapo,cd-real-tomayapo,CD Real Tomayapo,0,0,335685,#52b030,#52b030,#ffffff
0,5,2,0,0,80.0,0,0.0,4,0,0,0,1,4,0.0,6.3,Rashid Joffre,rashid-joffre,1,1595972,Oriente Petrolero,oriente-petrolero,Oriente Petrolero,0,0,33820,#52b030,#52b030,#ffffff
0,5,2,0,0,80.0,0,0.0,4,0,0,0,1,4,0.0,6.3,Nicoll Taboada,nicoll-taboada,1,1184230,Club Aurora,club-aurora,Club Aurora,0,0,33714,#52b030,#52b030,#ffffff
0,59,2,6,0,57.63,0,19.35,34,32,0,0,25,2,0.0,6.3,Johan Gutiérrez,johan-gutierrez,2,891848,Blooming,blooming,Blooming,0,0,6968,#52b030,#52b030,#ffffff
0,66,10,3,0,59.09,0,21.43,39,12,0,0,27,27,0.0,6.3,Nicolas Arteaga,nicolas-arteaga,0,1495668,Independiente Petrolero,independiente-petrolero,Independiente Petrolero,0,0,372975,#52b030,#52b030,#ffffff
2,82,14,3,0,62.2,5,23.08,51,20,3,0,31,34,37.5,6.28,Mauro Ramiro Milano,mauro-ramiro-milano,3,33024,FC Libertad Gran Mamoré,fc-libertad-gran-mamore,FC Libertad Gran Mamoré,0,0,423192,#52b030,#52b030,#ffffff
0,106,11,10,0,71.7,4,43.48,76,53,0,0,30,23,0.0,6.28,Pedro Tomicha Barboza,pedro-tomicha-barboza,3,921380,FC Libertad Gran Mamoré,fc-libertad-gran-mamore,FC Libertad Gran Mamoré,0,0,423192,#52b030,#52b030,#ffffff
0,98,5,11,0,73.47,0,40.74,72,62,0,0,26,10,0.0,6.27,Ezequiel Michelli,ezequiel-michelli,3,295335,Club Aurora,club-aurora,Club Aurora,0,0,33714,#52b030,#52b030,#ffffff
0,10,1,0,0,80.0,0,0.0,8,4,0,0,2,4,0.0,6.2,Angel Gutierrez,angel-gutierrez,0,1394165,CD Real Santa Cruz,cd-real-santa-cruz,CD Real Santa Cruz,0,0,327860,#52b030,#52b030,#ffffff
0,13,3,0,0,69.23,2,0.0,9,1,1,0,4,9,50.0,6.2,Yojhani Taborga,yojhani-taborga,0,1495684,FC Libertad Gran Mamoré,fc-libertad-gran-mamore,FC Libertad Gran Mamoré,0,0,423192,#52b030,#52b030,#ffffff
0,36,12,2,0,75.0,3,40.0,27,8,3,0,9,22,75.0,6.2,José Lara,jose-lara,0,1184227,CD Real Santa Cruz,cd-real-santa-cruz,CD Real Santa Cruz,0,0,327860,#52b030,#52b030,#ffffff
0,173,29,9,0,68.79,0,26.47,119,59,2,0,54,62,50.0,6.16,Jaime Villamil,jaime-villamil,5,876827,Blooming,blooming,Blooming,0,0,6968,#52b030,#52b030,#ffffff
0,11,1,3,0,72.73,0,75.0,8,3,0,0,3,5,0.0,6.15,Luis Gómez,luis-gomez,0,1468007,Guabirá,guabira,Guabirá,0,0,47701,#52b030,#52b030,#ffffff
0,47,5,2,0,72.34,0,33.33,34,19,0,0,13,15,0.0,6.14,Sebastián Claure,sebastian-claure,1,1018548,The Strongest,the-strongest,The Strongest,0,0,32529,#52b030,#52b030,#ffffff
0,23,2,2,0,82.61,0,40.0,19,15,0,0,4,4,0.0,6.1,Iago Mendonça,mendonca-iago,14,986570,Blooming,blooming,Blooming,0,0,6968,#52b030,#52b030,#ffffff
0,6,0,0,0,16.67,0,0.0,1,0,0,0,5,1,0.0,6.1,Shelton Cordero,shelton-cordero,1,878668,FC Libertad Gran Mamoré,fc-libertad-gran-mamore,FC Libertad Gran Mamoré,0,0,423192,#52b030,#52b030,#ffffff
0,20,3,1,0,65.0,0,25.0,13,6,0,0,7,7,0.0,6.1,Elias Peralta,elias-peralta,0,1495619,Independiente Petrolero,independiente-petrolero,Independiente Petrolero,0,0,372975,#52b030,#52b030,#ffffff
0,50,2,15,0,40.0,0,33.33,20,8,0,0,30,12,0.0,6.05,Lorgio Castedo,lorgio-castedo,1,1507620,Independiente Petrolero,independiente-petrolero,Independiente Petrolero,0,0,372975,#52b030,#52b030,#ffffff
0,39,12,1,0,66.67,2,33.33,26,4,0,0,13,22,0.0,6.0,Carlitos Rodriguez,carlitos-rodriguez,4,1386915,Jorge Wilstermann,jorge-wilstermann,Jorge Wilstermann,0,0,7878,#52b030,#52b030,#ffffff
0,43,6,1,0,74.42,1,14.29,32,20,1,0,11,13,25.0,5.88,Oscar Ribera,oscar-ribera,3,588518,CD Real Tomayapo,cd-real-tomayapo,CD Real Tomayapo,0,0,335685,#52b030,#52b030,#ffffff
0,5,1,1,0,60.0,0,33.33,3,2,0,0,2,1,0.0,5.7,Joel Bernal,joel-bernal,2,1177044,Royal Pari Sion,royal-pari-sion,Royal Pari Sion,0,0,273544,#52b030,#52b030,#ffffff
0,9,0,3,0,77.78,0,75.0,7,6,0,0,2,1,0.0,5.7,Juan Francisco Rivero,juan-francisco-rivero,1,1013129,CD Real Santa Cruz,cd-real-santa-cruz,CD Real Santa Cruz,0,0,327860,#52b030,#52b030,#ffffff
1,82,4,5,0,65.85,1,25.0,54,39,0,0,28,15,0.0,5.58,Mathías Techera,mathias-techera,7,1102723,Jorge Wilstermann,jorge-wilstermann,Jorge Wilstermann,0,0,7878,#52b030,#52b030,#ffffff
0,4,2,0,0,75.0,0,0.0,3,1,0,0,1,2,0.0,4.9,Ricardo Román Arancibia,ricardo-roman-arancibia,1,1113387,Club Vaca Díez,club-vaca-diez,Club Vaca Díez,0,0,327910,#52b030,#52b030,#ffffff
0,0,0,0,0,0.0,0,0.0,0,0,0,0,0,0,0.0,0.0,Asaf Patzi,asaf-patzi,2,1511838,Independiente Petrolero,independiente-petrolero,Independiente Petrolero,0,0,372975,#52b030,#52b030,#ffffff
0,0,0,0,0,0.0,0,0.0,0,0,0,0,0,0,0.0,0.0,Rodrigo Cabrera,rodrigo-cabrera,1,975115,CD Real Tomayapo,cd-real-tomayapo,CD Real Tomayapo,0,0,335685,#52b030,#52b030,#ffffff
0,1,0,0,0,100.0,0,0.0,1,1,0,0,0,0,0.0,0.0,Ricardo Suárez,ricardo-suarez,1,1184220,Club Vaca Díez,club-vaca-diez,Club Vaca Díez,0,0,327910,#52b030,#52b030,#ffffff
0,1,0,0,0,100.0,0,0.0,1,1,0,0,0,0,0.0,0.0,Brian Hinojosa,brian-hinojosa,0,1495606,Jorge Wilstermann,jorge-wilstermann,Jorge Wilstermann,0,0,7878,#52b030,#52b030,#ffffff
0,0,0,0,0,0.0,0,0.0,0,0,0,0,0,0,0.0,0.0,Alvaro Ayala,alvaro-ayala,2,1522303,Palmaflor del Trópico,palmaflor-del-tropico,Palmaflor del Trópico,0,0,321264,#52b030,#52b030,#ffffff
0,0,0,0,0,0.0,0,0.0,0,0,0,0,0,0,0.0,0.0,Marcos Rodríguez,marcos-rodriguez,1,1495660,Club Vaca Díez,club-vaca-diez,Club Vaca Díez,0,0,327910,#52b030,#52b030,#ffffff
0,2,0,0,0,50.0,0,0.0,1,1,0,0,1,0,0.0,0.0,José Segovia,jose-segovia,0,1104165,Club Aurora,club-aurora,Club Aurora,0,0,33714,#52b030,#52b030,#ffffff
